Date,CSUSHPINSA
2020-01-01,212.398
2020-01-02,212.398
2020-01-03,212.398
2020-01-04,212.398
2020-01-05,212.398
2020-01-06,212.398
2020-01-07,212.398
2020-01-08,212.398
2020-01-09,212.398
2020-01-10,212.398
2020-01-11,212.398
2020-01-12,212.398
2020-01-13,212.398
2020-01-14,212.398
2020-01-15,212.398
2020-01-16,212.398
2020-01-17,212.398
2020-01-18,212.398
2020-01-19,212.398
2020-01-20,212.398
2020-01-21,212.398
2020-01-22,212.398
2020-01-23,212.398
2020-01-24,212.398
2020-01-25,212.398
2020-01-26,212.398
2020-01-27,212.398
2020-01-28,212.398
2020-01-29,212.398
2020-01-30,212.398
2020-01-31,212.398
2020-02-01,213.218
2020-02-02,213.218
2020-02-03,213.218
2020-02-04,213.218
2020-02-05,213.218
2020-02-06,213.218
2020-02-07,213.218
2020-02-08,213.218
2020-02-09,213.218
2020-02-10,213.218
2020-02-11,213.218
2020-02-12,213.218
2020-02-13,213.218
2020-02-14,213.218
2020-02-15,213.218
2020-02-16,213.218
2020-02-17,213.218
2020-02-18,213.218
2020-02-19,213.218
2020-02-20,213.218
2020-02-21,213.218
2020-02-22,213.218
2020-02-23,213.218
2020-02-24,213.218
2020-02-25,213.218
2020-02-26,213.218
2020-02-27,213.218
2020-02-28,213.218
2020-02-29,213.218
2020-03-01,215.194
2020-03-02,215.194
2020-03-03,215.194
2020-03-04,215.194
2020-03-05,215.194
2020-03-06,215.194
2020-03-07,215.194
2020-03-08,215.194
2020-03-09,215.194
2020-03-10,215.194
2020-03-11,215.194
2020-03-12,215.194
2020-03-13,215.194
2020-03-14,215.194
2020-03-15,215.194
2020-03-16,215.194
2020-03-17,215.194
2020-03-18,215.194
2020-03-19,215.194
2020-03-20,215.194
2020-03-21,215.194
2020-03-22,215.194
2020-03-23,215.194
2020-03-24,215.194
2020-03-25,215.194
2020-03-26,215.194
2020-03-27,215.194
2020-03-28,215.194
2020-03-29,215.194
2020-03-30,215.194
2020-03-31,215.194
2020-04-01,217.238
2020-04-02,217.238
2020-04-03,217.238
2020-04-04,217.238
2020-04-05,217.238
2020-04-06,217.238
2020-04-07,217.238
2020-04-08,217.238
2020-04-09,217.238
2020-04-10,217.238
2020-04-11,217.238
2020-04-12,217.238
2020-04-13,217.238
2020-04-14,217.238
2020-04-15,217.238
2020-04-16,217.238
2020-04-17,217.238
2020-04-18,217.238
2020-04-19,217.238
2020-04-20,217.238
2020-04-21,217.238
2020-04-22,217.238
2020-04-23,217.238
2020-04-24,217.238
2020-04-25,217.238
2020-04-26,217.238
2020-04-27,217.238
2020-04-28,217.238
2020-04-29,217.238
2020-04-30,217.238
2020-05-01,218.485
2020-05-02,218.485
2020-05-03,218.485
2020-05-04,218.485
2020-05-05,218.485
2020-05-06,218.485
2020-05-07,218.485
2020-05-08,218.485
2020-05-09,218.485
2020-05-10,218.485
2020-05-11,218.485
2020-05-12,218.485
2020-05-13,218.485
2020-05-14,218.485
2020-05-15,218.485
2020-05-16,218.485
2020-05-17,218.485
2020-05-18,218.485
2020-05-19,218.485
2020-05-20,218.485
2020-05-21,218.485
2020-05-22,218.485
2020-05-23,218.485
2020-05-24,218.485
2020-05-25,218.485
2020-05-26,218.485
2020-05-27,218.485
2020-05-28,218.485
2020-05-29,218.485
2020-05-30,218.485
2020-05-31,218.485
2020-06-01,219.813
2020-06-02,219.813
2020-06-03,219.813
2020-06-04,219.813
2020-06-05,219.813
2020-06-06,219.813
2020-06-07,219.813
2020-06-08,219.813
2020-06-09,219.813
2020-06-10,219.813
2020-06-11,219.813
2020-06-12,219.813
2020-06-13,219.813
2020-06-14,219.813
2020-06-15,219.813
2020-06-16,219.813
2020-06-17,219.813
2020-06-18,219.813
2020-06-19,219.813
2020-06-20,219.813
2020-06-21,219.813
2020-06-22,219.813
2020-06-23,219.813
2020-06-24,219.813
2020-06-25,219.813
2020-06-26,219.813
2020-06-27,219.813
2020-06-28,219.813
2020-06-29,219.813
2020-06-30,219.813
2020-07-01,221.572
2020-07-02,221.572
2020-07-03,221.572
2020-07-04,221.572
2020-07-05,221.572
2020-07-06,221.572
2020-07-07,221.572
2020-07-08,221.572
2020-07-09,221.572
2020-07-10,221.572
2020-07-11,221.572
2020-07-12,221.572
2020-07-13,221.572
2020-07-14,221.572
2020-07-15,221.572
2020-07-16,221.572
2020-07-17,221.572
2020-07-18,221.572
2020-07-19,221.572
2020-07-20,221.572
2020-07-21,221.572
2020-07-22,221.572
2020-07-23,221.572
2020-07-24,221.572
2020-07-25,221.572
2020-07-26,221.572
2020-07-27,221.572
2020-07-28,221.572
2020-07-29,221.572
2020-07-30,221.572
2020-07-31,221.572
2020-08-01,224.054
2020-08-02,224.054
2020-08-03,224.054
2020-08-04,224.054
2020-08-05,224.054
2020-08-06,224.054
2020-08-07,224.054
2020-08-08,224.054
2020-08-09,224.054
2020-08-10,224.054
2020-08-11,224.054
2020-08-12,224.054
2020-08-13,224.054
2020-08-14,224.054
2020-08-15,224.054
2020-08-16,224.054
2020-08-17,224.054
2020-08-18,224.054
2020-08-19,224.054
2020-08-20,224.054
2020-08-21,224.054
2020-08-22,224.054
2020-08-23,224.054
2020-08-24,224.054
2020-08-25,224.054
2020-08-26,224.054
2020-08-27,224.054
2020-08-28,224.054
2020-08-29,224.054
2020-08-30,224.054
2020-08-31,224.054
2020-09-01,226.806
2020-09-02,226.806
2020-09-03,226.806
2020-09-04,226.806
2020-09-05,226.806
2020-09-06,226.806
2020-09-07,226.806
2020-09-08,226.806
2020-09-09,226.806
2020-09-10,226.806
2020-09-11,226.806
2020-09-12,226.806
2020-09-13,226.806
2020-09-14,226.806
2020-09-15,226.806
2020-09-16,226.806
2020-09-17,226.806
2020-09-18,226.806
2020-09-19,226.806
2020-09-20,226.806
2020-09-21,226.806
2020-09-22,226.806
2020-09-23,226.806
2020-09-24,226.806
2020-09-25,226.806
2020-09-26,226.806
2020-09-27,226.806
2020-09-28,226.806
2020-09-29,226.806
2020-09-30,226.806
2020-10-01,229.818
2020-10-02,229.818
2020-10-03,229.818
2020-10-04,229.818
2020-10-05,229.818
2020-10-06,229.818
2020-10-07,229.818
2020-10-08,229.818
2020-10-09,229.818
2020-10-10,229.818
2020-10-11,229.818
2020-10-12,229.818
2020-10-13,229.818
2020-10-14,229.818
2020-10-15,229.818
2020-10-16,229.818
2020-10-17,229.818
2020-10-18,229.818
2020-10-19,229.818
2020-10-20,229.818
2020-10-21,229.818
2020-10-22,229.818
2020-10-23,229.818
2020-10-24,229.818
2020-10-25,229.818
2020-10-26,229.818
2020-10-27,229.818
2020-10-28,229.818
2020-10-29,229.818
2020-10-30,229.818
2020-10-31,229.818
2020-11-01,232.322
2020-11-02,232.322
2020-11-03,232.322
2020-11-04,232.322
2020-11-05,232.322
2020-11-06,232.322
2020-11-07,232.322
2020-11-08,232.322
2020-11-09,232.322
2020-11-10,232.322
2020-11-11,232.322
2020-11-12,232.322
2020-11-13,232.322
2020-11-14,232.322
2020-11-15,232.322
2020-11-16,232.322
2020-11-17,232.322
2020-11-18,232.322
2020-11-19,232.322
2020-11-20,232.322
2020-11-21,232.322
2020-11-22,232.322
2020-11-23,232.322
2020-11-24,232.322
2020-11-25,232.322
2020-11-26,232.322
2020-11-27,232.322
2020-11-28,232.322
2020-11-29,232.322
2020-11-30,232.322
2020-12-01,234.371
2020-12-02,234.371
2020-12-03,234.371
2020-12-04,234.371
2020-12-05,234.371
2020-12-06,234.371
2020-12-07,234.371
2020-12-08,234.371
2020-12-09,234.371
2020-12-10,234.371
2020-12-11,234.371
2020-12-12,234.371
2020-12-13,234.371
2020-12-14,234.371
2020-12-15,234.371
2020-12-16,234.371
2020-12-17,234.371
2020-12-18,234.371
2020-12-19,234.371
2020-12-20,234.371
2020-12-21,234.371
2020-12-22,234.371
2020-12-23,234.371
2020-12-24,234.371
2020-12-25,234.371
2020-12-26,234.371
2020-12-27,234.371
2020-12-28,234.371
2020-12-29,234.371
2020-12-30,234.371
2020-12-31,234.371
2021-01-01,236.442
2021-01-02,236.442
2021-01-03,236.442
2021-01-04,236.442
2021-01-05,236.442
2021-01-06,236.442
2021-01-07,236.442
2021-01-08,236.442
2021-01-09,236.442
2021-01-10,236.442
2021-01-11,236.442
2021-01-12,236.442
2021-01-13,236.442
2021-01-14,236.442
2021-01-15,236.442
2021-01-16,236.442
2021-01-17,236.442
2021-01-18,236.442
2021-01-19,236.442
2021-01-20,236.442
2021-01-21,236.442
2021-01-22,236.442
2021-01-23,236.442
2021-01-24,236.442
2021-01-25,236.442
2021-01-26,236.442
2021-01-27,236.442
2021-01-28,236.442
2021-01-29,236.442
2021-01-30,236.442
2021-01-31,236.442
2021-02-01,239.221
2021-02-02,239.221
2021-02-03,239.221
2021-02-04,239.221
2021-02-05,239.221
2021-02-06,239.221
2021-02-07,239.221
2021-02-08,239.221
2021-02-09,239.221
2021-02-10,239.221
2021-02-11,239.221
2021-02-12,239.221
2021-02-13,239.221
2021-02-14,239.221
2021-02-15,239.221
2021-02-16,239.221
2021-02-17,239.221
2021-02-18,239.221
2021-02-19,239.221
2021-02-20,239.221
2021-02-21,239.221
2021-02-22,239.221
2021-02-23,239.221
2021-02-24,239.221
2021-02-25,239.221
2021-02-26,239.221
2021-02-27,239.221
2021-02-28,239.221
2021-03-01,244.216
2021-03-02,244.216
2021-03-03,244.216
2021-03-04,244.216
2021-03-05,244.216
2021-03-06,244.216
2021-03-07,244.216
2021-03-08,244.216
2021-03-09,244.216
2021-03-10,244.216
2021-03-11,244.216
2021-03-12,244.216
2021-03-13,244.216
2021-03-14,244.216
2021-03-15,244.216
2021-03-16,244.216
2021-03-17,244.216
2021-03-18,244.216
2021-03-19,244.216
2021-03-20,244.216
2021-03-21,244.216
2021-03-22,244.216
2021-03-23,244.216
2021-03-24,244.216
2021-03-25,244.216
2021-03-26,244.216
2021-03-27,244.216
2021-03-28,244.216
2021-03-29,244.216
2021-03-30,244.216
2021-03-31,244.216
2021-04-01,249.824
2021-04-02,249.824
2021-04-03,249.824
2021-04-04,249.824
2021-04-05,249.824
2021-04-06,249.824
2021-04-07,249.824
2021-04-08,249.824
2021-04-09,249.824
2021-04-10,249.824
2021-04-11,249.824
2021-04-12,249.824
2021-04-13,249.824
2021-04-14,249.824
2021-04-15,249.824
2021-04-16,249.824
2021-04-17,249.824
2021-04-18,249.824
2021-04-19,249.824
2021-04-20,249.824
2021-04-21,249.824
2021-04-22,249.824
2021-04-23,249.824
2021-04-24,249.824
2021-04-25,249.824
2021-04-26,249.824
2021-04-27,249.824
2021-04-28,249.824
2021-04-29,249.824
2021-04-30,249.824
2021-05-01,255.449
2021-05-02,255.449
2021-05-03,255.449
2021-05-04,255.449
2021-05-05,255.449
2021-05-06,255.449
2021-05-07,255.449
2021-05-08,255.449
2021-05-09,255.449
2021-05-10,255.449
2021-05-11,255.449
2021-05-12,255.449
2021-05-13,255.449
2021-05-14,255.449
2021-05-15,255.449
2021-05-16,255.449
2021-05-17,255.449
2021-05-18,255.449
2021-05-19,255.449
2021-05-20,255.449
2021-05-21,255.449
2021-05-22,255.449
2021-05-23,255.449
2021-05-24,255.449
2021-05-25,255.449
2021-05-26,255.449
2021-05-27,255.449
2021-05-28,255.449
2021-05-29,255.449
2021-05-30,255.449
2021-05-31,255.449
2021-06-01,261.174
2021-06-02,261.174
2021-06-03,261.174
2021-06-04,261.174
2021-06-05,261.174
2021-06-06,261.174
2021-06-07,261.174
2021-06-08,261.174
2021-06-09,261.174
2021-06-10,261.174
2021-06-11,261.174
2021-06-12,261.174
2021-06-13,261.174
2021-06-14,261.174
2021-06-15,261.174
2021-06-16,261.174
2021-06-17,261.174
2021-06-18,261.174
2021-06-19,261.174
2021-06-20,261.174
2021-06-21,261.174
2021-06-22,261.174
2021-06-23,261.174
2021-06-24,261.174
2021-06-25,261.174
2021-06-26,261.174
2021-06-27,261.174
2021-06-28,261.174
2021-06-29,261.174
2021-06-30,261.174
2021-07-01,265.512
2021-07-02,265.512
2021-07-03,265.512
2021-07-04,265.512
2021-07-05,265.512
2021-07-06,265.512
2021-07-07,265.512
2021-07-08,265.512
2021-07-09,265.512
2021-07-10,265.512
2021-07-11,265.512
2021-07-12,265.512
2021-07-13,265.512
2021-07-14,265.512
2021-07-15,265.512
2021-07-16,265.512
2021-07-17,265.512
2021-07-18,265.512
2021-07-19,265.512
2021-07-20,265.512
2021-07-21,265.512
2021-07-22,265.512
2021-07-23,265.512
2021-07-24,265.512
2021-07-25,265.512
2021-07-26,265.512
2021-07-27,265.512
2021-07-28,265.512
2021-07-29,265.512
2021-07-30,265.512
2021-07-31,265.512
2021-08-01,268.788
2021-08-02,268.788
2021-08-03,268.788
2021-08-04,268.788
2021-08-05,268.788
2021-08-06,268.788
2021-08-07,268.788
2021-08-08,268.788
2021-08-09,268.788
2021-08-10,268.788
2021-08-11,268.788
2021-08-12,268.788
2021-08-13,268.788
2021-08-14,268.788
2021-08-15,268.788
2021-08-16,268.788
2021-08-17,268.788
2021-08-18,268.788
2021-08-19,268.788
2021-08-20,268.788
2021-08-21,268.788
2021-08-22,268.788
2021-08-23,268.788
2021-08-24,268.788
2021-08-25,268.788
2021-08-26,268.788
2021-08-27,268.788
2021-08-28,268.788
2021-08-29,268.788
2021-08-30,268.788
2021-08-31,268.788
2021-09-01,271.442
2021-09-02,271.442
2021-09-03,271.442
2021-09-04,271.442
2021-09-05,271.442
2021-09-06,271.442
2021-09-07,271.442
2021-09-08,271.442
2021-09-09,271.442
2021-09-10,271.442
2021-09-11,271.442
2021-09-12,271.442
2021-09-13,271.442
2021-09-14,271.442
2021-09-15,271.442
2021-09-16,271.442
2021-09-17,271.442
2021-09-18,271.442
2021-09-19,271.442
2021-09-20,271.442
2021-09-21,271.442
2021-09-22,271.442
2021-09-23,271.442
2021-09-24,271.442
2021-09-25,271.442
2021-09-26,271.442
2021-09-27,271.442
2021-09-28,271.442
2021-09-29,271.442
2021-09-30,271.442
2021-10-01,273.652
2021-10-02,273.652
2021-10-03,273.652
2021-10-04,273.652
2021-10-05,273.652
2021-10-06,273.652
2021-10-07,273.652
2021-10-08,273.652
2021-10-09,273.652
2021-10-10,273.652
2021-10-11,273.652
2021-10-12,273.652
2021-10-13,273.652
2021-10-14,273.652
2021-10-15,273.652
2021-10-16,273.652
2021-10-17,273.652
2021-10-18,273.652
2021-10-19,273.652
2021-10-20,273.652
2021-10-21,273.652
2021-10-22,273.652
2021-10-23,273.652
2021-10-24,273.652
2021-10-25,273.652
2021-10-26,273.652
2021-10-27,273.652
2021-10-28,273.652
2021-10-29,273.652
2021-10-30,273.652
2021-10-31,273.652
2021-11-01,276.022
2021-11-02,276.022
2021-11-03,276.022
2021-11-04,276.022
2021-11-05,276.022
2021-11-06,276.022
2021-11-07,276.022
2021-11-08,276.022
2021-11-09,276.022
2021-11-10,276.022
2021-11-11,276.022
2021-11-12,276.022
2021-11-13,276.022
2021-11-14,276.022
2021-11-15,276.022
2021-11-16,276.022
2021-11-17,276.022
2021-11-18,276.022
2021-11-19,276.022
2021-11-20,276.022
2021-11-21,276.022
2021-11-22,276.022
2021-11-23,276.022
2021-11-24,276.022
2021-11-25,276.022
2021-11-26,276.022
2021-11-27,276.022
2021-11-28,276.022
2021-11-29,276.022
2021-11-30,276.022
2021-12-01,278.593
2021-12-02,278.593
2021-12-03,278.593
2021-12-04,278.593
2021-12-05,278.593
2021-12-06,278.593
2021-12-07,278.593
2021-12-08,278.593
2021-12-09,278.593
2021-12-10,278.593
2021-12-11,278.593
2021-12-12,278.593
2021-12-13,278.593
2021-12-14,278.593
2021-12-15,278.593
2021-12-16,278.593
2021-12-17,278.593
2021-12-18,278.593
2021-12-19,278.593
2021-12-20,278.593
2021-12-21,278.593
2021-12-22,278.593
2021-12-23,278.593
2021-12-24,278.593
2021-12-25,278.593
2021-12-26,278.593
2021-12-27,278.593
2021-12-28,278.593
2021-12-29,278.593
2021-12-30,278.593
2021-12-31,278.593
2022-01-01,281.963
2022-01-02,281.963
2022-01-03,281.963
2022-01-04,281.963
2022-01-05,281.963
2022-01-06,281.963
2022-01-07,281.963
2022-01-08,281.963
2022-01-09,281.963
2022-01-10,281.963
2022-01-11,281.963
2022-01-12,281.963
2022-01-13,281.963
2022-01-14,281.963
2022-01-15,281.963
2022-01-16,281.963
2022-01-17,281.963
2022-01-18,281.963
2022-01-19,281.963
2022-01-20,281.963
2022-01-21,281.963
2022-01-22,281.963
2022-01-23,281.963
2022-01-24,281.963
2022-01-25,281.963
2022-01-26,281.963
2022-01-27,281.963
2022-01-28,281.963
2022-01-29,281.963
2022-01-30,281.963
2022-01-31,281.963
2022-02-01,287.18
2022-02-02,287.18
2022-02-03,287.18
2022-02-04,287.18
2022-02-05,287.18
2022-02-06,287.18
2022-02-07,287.18
2022-02-08,287.18
2022-02-09,287.18
2022-02-10,287.18
2022-02-11,287.18
2022-02-12,287.18
2022-02-13,287.18
2022-02-14,287.18
2022-02-15,287.18
2022-02-16,287.18
2022-02-17,287.18
2022-02-18,287.18
2022-02-19,287.18
2022-02-20,287.18
2022-02-21,287.18
2022-02-22,287.18
2022-02-23,287.18
2022-02-24,287.18
2022-02-25,287.18
2022-02-26,287.18
2022-02-27,287.18
2022-02-28,287.18
2022-03-01,294.992
2022-03-02,294.992
2022-03-03,294.992
2022-03-04,294.992
2022-03-05,294.992
2022-03-06,294.992
2022-03-07,294.992
2022-03-08,294.992
2022-03-09,294.992
2022-03-10,294.992
2022-03-11,294.992
2022-03-12,294.992
2022-03-13,294.992
2022-03-14,294.992
2022-03-15,294.992
2022-03-16,294.992
2022-03-17,294.992
2022-03-18,294.992
2022-03-19,294.992
2022-03-20,294.992
2022-03-21,294.992
2022-03-22,294.992
2022-03-23,294.992
2022-03-24,294.992
2022-03-25,294.992
2022-03-26,294.992
2022-03-27,294.992
2022-03-28,294.992
2022-03-29,294.992
2022-03-30,294.992
2022-03-31,294.992
2022-04-01,301.639
2022-04-02,301.639
2022-04-03,301.639
2022-04-04,301.639
2022-04-05,301.639
2022-04-06,301.639
2022-04-07,301.639
2022-04-08,301.639
2022-04-09,301.639
2022-04-10,301.639
2022-04-11,301.639
2022-04-12,301.639
2022-04-13,301.639
2022-04-14,301.639
2022-04-15,301.639
2022-04-16,301.639
2022-04-17,301.639
2022-04-18,301.639
2022-04-19,301.639
2022-04-20,301.639
2022-04-21,301.639
2022-04-22,301.639
2022-04-23,301.639
2022-04-24,301.639
2022-04-25,301.639
2022-04-26,301.639
2022-04-27,301.639
2022-04-28,301.639
2022-04-29,301.639
2022-04-30,301.639
2022-05-01,306.416
2022-05-02,306.416
2022-05-03,306.416
2022-05-04,306.416
2022-05-05,306.416
2022-05-06,306.416
2022-05-07,306.416
2022-05-08,306.416
2022-05-09,306.416
2022-05-10,306.416
2022-05-11,306.416
2022-05-12,306.416
2022-05-13,306.416
2022-05-14,306.416
2022-05-15,306.416
2022-05-16,306.416
2022-05-17,306.416
2022-05-18,306.416
2022-05-19,306.416
2022-05-20,306.416
2022-05-21,306.416
2022-05-22,306.416
2022-05-23,306.416
2022-05-24,306.416
2022-05-25,306.416
2022-05-26,306.416
2022-05-27,306.416
2022-05-28,306.416
2022-05-29,306.416
2022-05-30,306.416
2022-05-31,306.416
2022-06-01,308.21
2022-06-02,308.21
2022-06-03,308.21
2022-06-04,308.21
2022-06-05,308.21
2022-06-06,308.21
2022-06-07,308.21
2022-06-08,308.21
2022-06-09,308.21
2022-06-10,308.21
2022-06-11,308.21
2022-06-12,308.21
2022-06-13,308.21
2022-06-14,308.21
2022-06-15,308.21
2022-06-16,308.21
2022-06-17,308.21
2022-06-18,308.21
2022-06-19,308.21
2022-06-20,308.21
2022-06-21,308.21
2022-06-22,308.21
2022-06-23,308.21
2022-06-24,308.21
2022-06-25,308.21
2022-06-26,308.21
2022-06-27,308.21
2022-06-28,308.21
2022-06-29,308.21
2022-06-30,308.21
2022-07-01,307.042
2022-07-02,307.042
2022-07-03,307.042
2022-07-04,307.042
2022-07-05,307.042
2022-07-06,307.042
2022-07-07,307.042
2022-07-08,307.042
2022-07-09,307.042
2022-07-10,307.042
2022-07-11,307.042
2022-07-12,307.042
2022-07-13,307.042
2022-07-14,307.042
2022-07-15,307.042
2022-07-16,307.042
2022-07-17,307.042
2022-07-18,307.042
2022-07-19,307.042
2022-07-20,307.042
2022-07-21,307.042
2022-07-22,307.042
2022-07-23,307.042
2022-07-24,307.042
2022-07-25,307.042
2022-07-26,307.042
2022-07-27,307.042
2022-07-28,307.042
2022-07-29,307.042
2022-07-30,307.042
2022-07-31,307.042
2022-08-01,303.595
2022-08-02,303.595
2022-08-03,303.595
2022-08-04,303.595
2022-08-05,303.595
2022-08-06,303.595
2022-08-07,303.595
2022-08-08,303.595
2022-08-09,303.595
2022-08-10,303.595
2022-08-11,303.595
2022-08-12,303.595
2022-08-13,303.595
2022-08-14,303.595
2022-08-15,303.595
2022-08-16,303.595
2022-08-17,303.595
2022-08-18,303.595
2022-08-19,303.595
2022-08-20,303.595
2022-08-21,303.595
2022-08-22,303.595
2022-08-23,303.595
2022-08-24,303.595
2022-08-25,303.595
2022-08-26,303.595
2022-08-27,303.595
2022-08-28,303.595
2022-08-29,303.595
2022-08-30,303.595
2022-08-31,303.595
2022-09-01,300.417
2022-09-02,300.417
2022-09-03,300.417
2022-09-04,300.417
2022-09-05,300.417
2022-09-06,300.417
2022-09-07,300.417
2022-09-08,300.417
2022-09-09,300.417
2022-09-10,300.417
2022-09-11,300.417
2022-09-12,300.417
2022-09-13,300.417
2022-09-14,300.417
2022-09-15,300.417
2022-09-16,300.417
2022-09-17,300.417
2022-09-18,300.417
2022-09-19,300.417
2022-09-20,300.417
2022-09-21,300.417
2022-09-22,300.417
2022-09-23,300.417
2022-09-24,300.417
2022-09-25,300.417
2022-09-26,300.417
2022-09-27,300.417
2022-09-28,300.417
2022-09-29,300.417
2022-09-30,300.417
2022-10-01,298.648
2022-10-02,298.648
2022-10-03,298.648
2022-10-04,298.648
2022-10-05,298.648
2022-10-06,298.648
2022-10-07,298.648
2022-10-08,298.648
2022-10-09,298.648
2022-10-10,298.648
2022-10-11,298.648
2022-10-12,298.648
2022-10-13,298.648
2022-10-14,298.648
2022-10-15,298.648
2022-10-16,298.648
2022-10-17,298.648
2022-10-18,298.648
2022-10-19,298.648
2022-10-20,298.648
2022-10-21,298.648
2022-10-22,298.648
2022-10-23,298.648
2022-10-24,298.648
2022-10-25,298.648
2022-10-26,298.648
2022-10-27,298.648
2022-10-28,298.648
2022-10-29,298.648
2022-10-30,298.648
2022-10-31,298.648
2022-11-01,296.837
2022-11-02,296.837
2022-11-03,296.837
2022-11-04,296.837
2022-11-05,296.837
2022-11-06,296.837
2022-11-07,296.837
2022-11-08,296.837
2022-11-09,296.837
2022-11-10,296.837
2022-11-11,296.837
2022-11-12,296.837
2022-11-13,296.837
2022-11-14,296.837
2022-11-15,296.837
2022-11-16,296.837
2022-11-17,296.837
2022-11-18,296.837
2022-11-19,296.837
2022-11-20,296.837
2022-11-21,296.837
2022-11-22,296.837
2022-11-23,296.837
2022-11-24,296.837
2022-11-25,296.837
2022-11-26,296.837
2022-11-27,296.837
2022-11-28,296.837
2022-11-29,296.837
2022-11-30,296.837
2022-12-01,294.327
2022-12-02,294.327
2022-12-03,294.327
2022-12-04,294.327
2022-12-05,294.327
2022-12-06,294.327
2022-12-07,294.327
2022-12-08,294.327
2022-12-09,294.327
2022-12-10,294.327
2022-12-11,294.327
2022-12-12,294.327
2022-12-13,294.327
2022-12-14,294.327
2022-12-15,294.327
2022-12-16,294.327
2022-12-17,294.327
2022-12-18,294.327
2022-12-19,294.327
2022-12-20,294.327
2022-12-21,294.327
2022-12-22,294.327
2022-12-23,294.327
2022-12-24,294.327
2022-12-25,294.327
2022-12-26,294.327
2022-12-27,294.327
2022-12-28,294.327
2022-12-29,294.327
2022-12-30,294.327
2022-12-31,294.327
2023-01-01,292.789
2023-01-02,292.789
2023-01-03,292.789
2023-01-04,292.789
2023-01-05,292.789
2023-01-06,292.789
2023-01-07,292.789
2023-01-08,292.789
2023-01-09,292.789
2023-01-10,292.789
2023-01-11,292.789
2023-01-12,292.789
2023-01-13,292.789
2023-01-14,292.789
2023-01-15,292.789
2023-01-16,292.789
2023-01-17,292.789
2023-01-18,292.789
2023-01-19,292.789
2023-01-20,292.789
2023-01-21,292.789
2023-01-22,292.789
2023-01-23,292.789
2023-01-24,292.789
2023-01-25,292.789
2023-01-26,292.789
2023-01-27,292.789
2023-01-28,292.789
2023-01-29,292.789
2023-01-30,292.789
2023-01-31,292.789
2023-02-01,293.453
2023-02-02,293.453
2023-02-03,293.453
2023-02-04,293.453
2023-02-05,293.453
2023-02-06,293.453
2023-02-07,293.453
2023-02-08,293.453
2023-02-09,293.453
2023-02-10,293.453
2023-02-11,293.453
2023-02-12,293.453
2023-02-13,293.453
2023-02-14,293.453
2023-02-15,293.453
2023-02-16,293.453
2023-02-17,293.453
2023-02-18,293.453
2023-02-19,293.453
2023-02-20,293.453
2023-02-21,293.453
2023-02-22,293.453
2023-02-23,293.453
2023-02-24,293.453
2023-02-25,293.453
2023-02-26,293.453
2023-02-27,293.453
2023-02-28,293.453
2023-03-01,297.336
2023-03-02,297.336
2023-03-03,297.336
2023-03-04,297.336
2023-03-05,297.336
2023-03-06,297.336
2023-03-07,297.336
2023-03-08,297.336
2023-03-09,297.336
2023-03-10,297.336
2023-03-11,297.336
2023-03-12,297.336
2023-03-13,297.336
2023-03-14,297.336
2023-03-15,297.336
2023-03-16,297.336
2023-03-17,297.336
2023-03-18,297.336
2023-03-19,297.336
2023-03-20,297.336
2023-03-21,297.336
2023-03-22,297.336
2023-03-23,297.336
2023-03-24,297.336
2023-03-25,297.336
2023-03-26,297.336
2023-03-27,297.336
2023-03-28,297.336
2023-03-29,297.336
2023-03-30,297.336
2023-03-31,297.336
2023-04-01,301.469
2023-04-02,301.469
2023-04-03,301.469
2023-04-04,301.469
2023-04-05,301.469
2023-04-06,301.469
2023-04-07,301.469
2023-04-08,301.469
2023-04-09,301.469
2023-04-10,301.469
2023-04-11,301.469
2023-04-12,301.469
2023-04-13,301.469
2023-04-14,301.469
2023-04-15,301.469
2023-04-16,301.469
2023-04-17,301.469
2023-04-18,301.469
2023-04-19,301.469
2023-04-20,301.469
2023-04-21,301.469
2023-04-22,301.469
2023-04-23,301.469
2023-04-24,301.469
2023-04-25,301.469
2023-04-26,301.469
2023-04-27,301.469
2023-04-28,301.469
2023-04-29,301.469
2023-04-30,301.469
2023-05-01,305.337
2023-05-02,305.337
2023-05-03,305.337
2023-05-04,305.337
2023-05-05,305.337
2023-05-06,305.337
2023-05-07,305.337
2023-05-08,305.337
2023-05-09,305.337
2023-05-10,305.337
2023-05-11,305.337
2023-05-12,305.337
2023-05-13,305.337
2023-05-14,305.337
2023-05-15,305.337
2023-05-16,305.337
2023-05-17,305.337
2023-05-18,305.337
2023-05-19,305.337
2023-05-20,305.337
2023-05-21,305.337
2023-05-22,305.337
2023-05-23,305.337
2023-05-24,305.337
2023-05-25,305.337
2023-05-26,305.337
2023-05-27,305.337
2023-05-28,305.337
2023-05-29,305.337
2023-05-30,305.337
2023-05-31,305.337
2023-06-01,308.256
2023-06-02,308.256
2023-06-03,308.256
2023-06-04,308.256
2023-06-05,308.256
2023-06-06,308.256
2023-06-07,308.256
2023-06-08,308.256
2023-06-09,308.256
2023-06-10,308.256
2023-06-11,308.256
2023-06-12,308.256
2023-06-13,308.256
2023-06-14,308.256
2023-06-15,308.256
2023-06-16,308.256
2023-06-17,308.256
2023-06-18,308.256
2023-06-19,308.256
2023-06-20,308.256
2023-06-21,308.256
2023-06-22,308.256
2023-06-23,308.256
2023-06-24,308.256
2023-06-25,308.256
2023-06-26,308.256
2023-06-27,308.256
2023-06-28,308.256
2023-06-29,308.256
2023-06-30,308.256
2023-07-01,310.145
2023-07-02,310.145
2023-07-03,310.145
2023-07-04,310.145
2023-07-05,310.145
2023-07-06,310.145
2023-07-07,310.145
2023-07-08,310.145
2023-07-09,310.145
2023-07-10,310.145
2023-07-11,310.145
2023-07-12,310.145
2023-07-13,310.145
2023-07-14,310.145
2023-07-15,310.145
2023-07-16,310.145
2023-07-17,310.145
2023-07-18,310.145
2023-07-19,310.145
2023-07-20,310.145
2023-07-21,310.145
2023-07-22,310.145
2023-07-23,310.145
2023-07-24,310.145
2023-07-25,310.145
2023-07-26,310.145
2023-07-27,310.145
2023-07-28,310.145
2023-07-29,310.145
2023-07-30,310.145
2023-07-31,310.145
2023-08-01,311.508
2023-08-02,311.508
2023-08-03,311.508
2023-08-04,311.508
2023-08-05,311.508
2023-08-06,311.508
2023-08-07,311.508
2023-08-08,311.508
2023-08-09,311.508
2023-08-10,311.508
2023-08-11,311.508
2023-08-12,311.508
2023-08-13,311.508
2023-08-14,311.508
2023-08-15,311.508
2023-08-16,311.508
2023-08-17,311.508
2023-08-18,311.508
2023-08-19,311.508
2023-08-20,311.508
2023-08-21,311.508
2023-08-22,311.508
2023-08-23,311.508
2023-08-24,311.508
2023-08-25,311.508
2023-08-26,311.508
2023-08-27,311.508
2023-08-28,311.508
2023-08-29,311.508
2023-08-30,311.508
2023-08-31,311.508
2023-09-01,312.364
2023-09-02,312.364
2023-09-03,312.364
2023-09-04,312.364
2023-09-05,312.364
2023-09-06,312.364
2023-09-07,312.364
2023-09-08,312.364
2023-09-09,312.364
2023-09-10,312.364
2023-09-11,312.364
2023-09-12,312.364
2023-09-13,312.364
2023-09-14,312.364
2023-09-15,312.364
2023-09-16,312.364
2023-09-17,312.364
2023-09-18,312.364
2023-09-19,312.364
2023-09-20,312.364
2023-09-21,312.364
2023-09-22,312.364
2023-09-23,312.364
2023-09-24,312.364
2023-09-25,312.364
2023-09-26,312.364
2023-09-27,312.364
2023-09-28,312.364
2023-09-29,312.364
2023-09-30,312.364
2023-10-01,312.751
2023-10-02,312.751
2023-10-03,312.751
2023-10-04,312.751
2023-10-05,312.751
2023-10-06,312.751
2023-10-07,312.751
2023-10-08,312.751
2023-10-09,312.751
2023-10-10,312.751
2023-10-11,312.751
2023-10-12,312.751
2023-10-13,312.751
2023-10-14,312.751
2023-10-15,312.751
2023-10-16,312.751
2023-10-17,312.751
2023-10-18,312.751
2023-10-19,312.751
2023-10-20,312.751
2023-10-21,312.751
2023-10-22,312.751
2023-10-23,312.751
2023-10-24,312.751
2023-10-25,312.751
2023-10-26,312.751
2023-10-27,312.751
2023-10-28,312.751
2023-10-29,312.751
2023-10-30,312.751
2023-10-31,312.751
2023-11-01,311.998
2023-11-02,311.998
2023-11-03,311.998
2023-11-04,311.998
2023-11-05,311.998
2023-11-06,311.998
2023-11-07,311.998
2023-11-08,311.998
2023-11-09,311.998
2023-11-10,311.998
2023-11-11,311.998
2023-11-12,311.998
2023-11-13,311.998
2023-11-14,311.998
2023-11-15,311.998
2023-11-16,311.998
2023-11-17,311.998
2023-11-18,311.998
2023-11-19,311.998
2023-11-20,311.998
2023-11-21,311.998
2023-11-22,311.998
2023-11-23,311.998
2023-11-24,311.998
2023-11-25,311.998
2023-11-26,311.998
2023-11-27,311.998
2023-11-28,311.998
2023-11-29,311.998
2023-11-30,311.998
2023-12-01,310.847
2023-12-02,310.847
2023-12-03,310.847
2023-12-04,310.847
2023-12-05,310.847
2023-12-06,310.847
2023-12-07,310.847
2023-12-08,310.847
2023-12-09,310.847
2023-12-10,310.847
2023-12-11,310.847
2023-12-12,310.847
2023-12-13,310.847
2023-12-14,310.847
2023-12-15,310.847
2023-12-16,310.847
2023-12-17,310.847
2023-12-18,310.847
2023-12-19,310.847
2023-12-20,310.847
2023-12-21,310.847
2023-12-22,310.847
2023-12-23,310.847
2023-12-24,310.847
2023-12-25,310.847
2023-12-26,310.847
2023-12-27,310.847
2023-12-28,310.847
2023-12-29,310.847
2023-12-30,310.847
