Date,Headline (y/y),Core (y/y),Regulated Items (y/y),Fruits and Vegetables (y/y)
2020-01-01,7.168,2.663,10.889,10.272
2020-01-02,7.168,2.663,10.889,10.272
2020-01-03,7.168,2.663,10.889,10.272
2020-01-04,7.168,2.663,10.889,10.272
2020-01-05,7.168,2.663,10.889,10.272
2020-01-06,7.168,2.663,10.889,10.272
2020-01-07,7.168,2.663,10.889,10.272
2020-01-08,7.168,2.663,10.889,10.272
2020-01-09,7.168,2.663,10.889,10.272
2020-01-10,7.168,2.663,10.889,10.272
2020-01-11,7.168,2.663,10.889,10.272
2020-01-12,7.168,2.663,10.889,10.272
2020-01-13,7.168,2.663,10.889,10.272
2020-01-14,7.168,2.663,10.889,10.272
2020-01-15,7.168,2.663,10.889,10.272
2020-01-16,7.168,2.663,10.889,10.272
2020-01-17,7.168,2.663,10.889,10.272
2020-01-18,7.168,2.663,10.889,10.272
2020-01-19,7.168,2.663,10.889,10.272
2020-01-20,7.168,2.663,10.889,10.272
2020-01-21,7.168,2.663,10.889,10.272
2020-01-22,7.168,2.663,10.889,10.272
2020-01-23,7.168,2.663,10.889,10.272
2020-01-24,7.168,2.663,10.889,10.272
2020-01-25,7.168,2.663,10.889,10.272
2020-01-26,7.168,2.663,10.889,10.272
2020-01-27,7.168,2.663,10.889,10.272
2020-01-28,7.168,2.663,10.889,10.272
2020-01-29,7.168,2.663,10.889,10.272
2020-01-30,7.168,2.663,10.889,10.272
2020-01-31,7.168,2.663,10.889,10.272
2020-02-01,5.319,1.916,10.871,-1.083
2020-02-02,5.319,1.916,10.871,-1.083
2020-02-03,5.319,1.916,10.871,-1.083
2020-02-04,5.319,1.916,10.871,-1.083
2020-02-05,5.319,1.916,10.871,-1.083
2020-02-06,5.319,1.916,10.871,-1.083
2020-02-07,5.319,1.916,10.871,-1.083
2020-02-08,5.319,1.916,10.871,-1.083
2020-02-09,5.319,1.916,10.871,-1.083
2020-02-10,5.319,1.916,10.871,-1.083
2020-02-11,5.319,1.916,10.871,-1.083
2020-02-12,5.319,1.916,10.871,-1.083
2020-02-13,5.319,1.916,10.871,-1.083
2020-02-14,5.319,1.916,10.871,-1.083
2020-02-15,5.319,1.916,10.871,-1.083
2020-02-16,5.319,1.916,10.871,-1.083
2020-02-17,5.319,1.916,10.871,-1.083
2020-02-18,5.319,1.916,10.871,-1.083
2020-02-19,5.319,1.916,10.871,-1.083
2020-02-20,5.319,1.916,10.871,-1.083
2020-02-21,5.319,1.916,10.871,-1.083
2020-02-22,5.319,1.916,10.871,-1.083
2020-02-23,5.319,1.916,10.871,-1.083
2020-02-24,5.319,1.916,10.871,-1.083
2020-02-25,5.319,1.916,10.871,-1.083
2020-02-26,5.319,1.916,10.871,-1.083
2020-02-27,5.319,1.916,10.871,-1.083
2020-02-28,5.319,1.916,10.871,-1.083
2020-02-29,5.319,1.916,10.871,-1.083
2020-03-01,5.092,1.887,12.239,-4.127
2020-03-02,5.092,1.887,12.239,-4.127
2020-03-03,5.092,1.887,12.239,-4.127
2020-03-04,5.092,1.887,12.239,-4.127
2020-03-05,5.092,1.887,12.239,-4.127
2020-03-06,5.092,1.887,12.239,-4.127
2020-03-07,5.092,1.887,12.239,-4.127
2020-03-08,5.092,1.887,12.239,-4.127
2020-03-09,5.092,1.887,12.239,-4.127
2020-03-10,5.092,1.887,12.239,-4.127
2020-03-11,5.092,1.887,12.239,-4.127
2020-03-12,5.092,1.887,12.239,-4.127
2020-03-13,5.092,1.887,12.239,-4.127
2020-03-14,5.092,1.887,12.239,-4.127
2020-03-15,5.092,1.887,12.239,-4.127
2020-03-16,5.092,1.887,12.239,-4.127
2020-03-17,5.092,1.887,12.239,-4.127
2020-03-18,5.092,1.887,12.239,-4.127
2020-03-19,5.092,1.887,12.239,-4.127
2020-03-20,5.092,1.887,12.239,-4.127
2020-03-21,5.092,1.887,12.239,-4.127
2020-03-22,5.092,1.887,12.239,-4.127
2020-03-23,5.092,1.887,12.239,-4.127
2020-03-24,5.092,1.887,12.239,-4.127
2020-03-25,5.092,1.887,12.239,-4.127
2020-03-26,5.092,1.887,12.239,-4.127
2020-03-27,5.092,1.887,12.239,-4.127
2020-03-28,5.092,1.887,12.239,-4.127
2020-03-29,5.092,1.887,12.239,-4.127
2020-03-30,5.092,1.887,12.239,-4.127
2020-03-31,5.092,1.887,12.239,-4.127
2020-04-01,5.881,2.541,12.112,4.548
2020-04-02,5.881,2.541,12.112,4.548
2020-04-03,5.881,2.541,12.112,4.548
2020-04-04,5.881,2.541,12.112,4.548
2020-04-05,5.881,2.541,12.112,4.548
2020-04-06,5.881,2.541,12.112,4.548
2020-04-07,5.881,2.541,12.112,4.548
2020-04-08,5.881,2.541,12.112,4.548
2020-04-09,5.881,2.541,12.112,4.548
2020-04-10,5.881,2.541,12.112,4.548
2020-04-11,5.881,2.541,12.112,4.548
2020-04-12,5.881,2.541,12.112,4.548
2020-04-13,5.881,2.541,12.112,4.548
2020-04-14,5.881,2.541,12.112,4.548
2020-04-15,5.881,2.541,12.112,4.548
2020-04-16,5.881,2.541,12.112,4.548
2020-04-17,5.881,2.541,12.112,4.548
2020-04-18,5.881,2.541,12.112,4.548
2020-04-19,5.881,2.541,12.112,4.548
2020-04-20,5.881,2.541,12.112,4.548
2020-04-21,5.881,2.541,12.112,4.548
2020-04-22,5.881,2.541,12.112,4.548
2020-04-23,5.881,2.541,12.112,4.548
2020-04-24,5.881,2.541,12.112,4.548
2020-04-25,5.881,2.541,12.112,4.548
2020-04-26,5.881,2.541,12.112,4.548
2020-04-27,5.881,2.541,12.112,4.548
2020-04-28,5.881,2.541,12.112,4.548
2020-04-29,5.881,2.541,12.112,4.548
2020-04-30,5.881,2.541,12.112,4.548
2020-05-01,4.696,1.542,11.641,-0.965
2020-05-02,4.696,1.542,11.641,-0.965
2020-05-03,4.696,1.542,11.641,-0.965
2020-05-04,4.696,1.542,11.641,-0.965
2020-05-05,4.696,1.542,11.641,-0.965
2020-05-06,4.696,1.542,11.641,-0.965
2020-05-07,4.696,1.542,11.641,-0.965
2020-05-08,4.696,1.542,11.641,-0.965
2020-05-09,4.696,1.542,11.641,-0.965
2020-05-10,4.696,1.542,11.641,-0.965
2020-05-11,4.696,1.542,11.641,-0.965
2020-05-12,4.696,1.542,11.641,-0.965
2020-05-13,4.696,1.542,11.641,-0.965
2020-05-14,4.696,1.542,11.641,-0.965
2020-05-15,4.696,1.542,11.641,-0.965
2020-05-16,4.696,1.542,11.641,-0.965
2020-05-17,4.696,1.542,11.641,-0.965
2020-05-18,4.696,1.542,11.641,-0.965
2020-05-19,4.696,1.542,11.641,-0.965
2020-05-20,4.696,1.542,11.641,-0.965
2020-05-21,4.696,1.542,11.641,-0.965
2020-05-22,4.696,1.542,11.641,-0.965
2020-05-23,4.696,1.542,11.641,-0.965
2020-05-24,4.696,1.542,11.641,-0.965
2020-05-25,4.696,1.542,11.641,-0.965
2020-05-26,4.696,1.542,11.641,-0.965
2020-05-27,4.696,1.542,11.641,-0.965
2020-05-28,4.696,1.542,11.641,-0.965
2020-05-29,4.696,1.542,11.641,-0.965
2020-05-30,4.696,1.542,11.641,-0.965
2020-05-31,4.696,1.542,11.641,-0.965
2020-06-01,5.631,0.954,12.378,8.38
2020-06-02,5.631,0.954,12.378,8.38
2020-06-03,5.631,0.954,12.378,8.38
2020-06-04,5.631,0.954,12.378,8.38
2020-06-05,5.631,0.954,12.378,8.38
2020-06-06,5.631,0.954,12.378,8.38
2020-06-07,5.631,0.954,12.378,8.38
2020-06-08,5.631,0.954,12.378,8.38
2020-06-09,5.631,0.954,12.378,8.38
2020-06-10,5.631,0.954,12.378,8.38
2020-06-11,5.631,0.954,12.378,8.38
2020-06-12,5.631,0.954,12.378,8.38
2020-06-13,5.631,0.954,12.378,8.38
2020-06-14,5.631,0.954,12.378,8.38
2020-06-15,5.631,0.954,12.378,8.38
2020-06-16,5.631,0.954,12.378,8.38
2020-06-17,5.631,0.954,12.378,8.38
2020-06-18,5.631,0.954,12.378,8.38
2020-06-19,5.631,0.954,12.378,8.38
2020-06-20,5.631,0.954,12.378,8.38
2020-06-21,5.631,0.954,12.378,8.38
2020-06-22,5.631,0.954,12.378,8.38
2020-06-23,5.631,0.954,12.378,8.38
2020-06-24,5.631,0.954,12.378,8.38
2020-06-25,5.631,0.954,12.378,8.38
2020-06-26,5.631,0.954,12.378,8.38
2020-06-27,5.631,0.954,12.378,8.38
2020-06-28,5.631,0.954,12.378,8.38
2020-06-29,5.631,0.954,12.378,8.38
2020-06-30,5.631,0.954,12.378,8.38
2020-07-01,4.203,0.722,8.62,2.456
2020-07-02,4.203,0.722,8.62,2.456
2020-07-03,4.203,0.722,8.62,2.456
2020-07-04,4.203,0.722,8.62,2.456
2020-07-05,4.203,0.722,8.62,2.456
2020-07-06,4.203,0.722,8.62,2.456
2020-07-07,4.203,0.722,8.62,2.456
2020-07-08,4.203,0.722,8.62,2.456
2020-07-09,4.203,0.722,8.62,2.456
2020-07-10,4.203,0.722,8.62,2.456
2020-07-11,4.203,0.722,8.62,2.456
2020-07-12,4.203,0.722,8.62,2.456
2020-07-13,4.203,0.722,8.62,2.456
2020-07-14,4.203,0.722,8.62,2.456
2020-07-15,4.203,0.722,8.62,2.456
2020-07-16,4.203,0.722,8.62,2.456
2020-07-17,4.203,0.722,8.62,2.456
2020-07-18,4.203,0.722,8.62,2.456
2020-07-19,4.203,0.722,8.62,2.456
2020-07-20,4.203,0.722,8.62,2.456
2020-07-21,4.203,0.722,8.62,2.456
2020-07-22,4.203,0.722,8.62,2.456
2020-07-23,4.203,0.722,8.62,2.456
2020-07-24,4.203,0.722,8.62,2.456
2020-07-25,4.203,0.722,8.62,2.456
2020-07-26,4.203,0.722,8.62,2.456
2020-07-27,4.203,0.722,8.62,2.456
2020-07-28,4.203,0.722,8.62,2.456
2020-07-29,4.203,0.722,8.62,2.456
2020-07-30,4.203,0.722,8.62,2.456
2020-07-31,4.203,0.722,8.62,2.456
2020-08-01,3.366,0.836,9.039,-5.636
2020-08-02,3.366,0.836,9.039,-5.636
2020-08-03,3.366,0.836,9.039,-5.636
2020-08-04,3.366,0.836,9.039,-5.636
2020-08-05,3.366,0.836,9.039,-5.636
2020-08-06,3.366,0.836,9.039,-5.636
2020-08-07,3.366,0.836,9.039,-5.636
2020-08-08,3.366,0.836,9.039,-5.636
2020-08-09,3.366,0.836,9.039,-5.636
2020-08-10,3.366,0.836,9.039,-5.636
2020-08-11,3.366,0.836,9.039,-5.636
2020-08-12,3.366,0.836,9.039,-5.636
2020-08-13,3.366,0.836,9.039,-5.636
2020-08-14,3.366,0.836,9.039,-5.636
2020-08-15,3.366,0.836,9.039,-5.636
2020-08-16,3.366,0.836,9.039,-5.636
2020-08-17,3.366,0.836,9.039,-5.636
2020-08-18,3.366,0.836,9.039,-5.636
2020-08-19,3.366,0.836,9.039,-5.636
2020-08-20,3.366,0.836,9.039,-5.636
2020-08-21,3.366,0.836,9.039,-5.636
2020-08-22,3.366,0.836,9.039,-5.636
2020-08-23,3.366,0.836,9.039,-5.636
2020-08-24,3.366,0.836,9.039,-5.636
2020-08-25,3.366,0.836,9.039,-5.636
2020-08-26,3.366,0.836,9.039,-5.636
2020-08-27,3.366,0.836,9.039,-5.636
2020-08-28,3.366,0.836,9.039,-5.636
2020-08-29,3.366,0.836,9.039,-5.636
2020-08-30,3.366,0.836,9.039,-5.636
2020-08-31,3.366,0.836,9.039,-5.636
2020-09-01,3.694,3.264,7.386,-5.808
2020-09-02,3.694,3.264,7.386,-5.808
2020-09-03,3.694,3.264,7.386,-5.808
2020-09-04,3.694,3.264,7.386,-5.808
2020-09-05,3.694,3.264,7.386,-5.808
2020-09-06,3.694,3.264,7.386,-5.808
2020-09-07,3.694,3.264,7.386,-5.808
2020-09-08,3.694,3.264,7.386,-5.808
2020-09-09,3.694,3.264,7.386,-5.808
2020-09-10,3.694,3.264,7.386,-5.808
2020-09-11,3.694,3.264,7.386,-5.808
2020-09-12,3.694,3.264,7.386,-5.808
2020-09-13,3.694,3.264,7.386,-5.808
2020-09-14,3.694,3.264,7.386,-5.808
2020-09-15,3.694,3.264,7.386,-5.808
2020-09-16,3.694,3.264,7.386,-5.808
2020-09-17,3.694,3.264,7.386,-5.808
2020-09-18,3.694,3.264,7.386,-5.808
2020-09-19,3.694,3.264,7.386,-5.808
2020-09-20,3.694,3.264,7.386,-5.808
2020-09-21,3.694,3.264,7.386,-5.808
2020-09-22,3.694,3.264,7.386,-5.808
2020-09-23,3.694,3.264,7.386,-5.808
2020-09-24,3.694,3.264,7.386,-5.808
2020-09-25,3.694,3.264,7.386,-5.808
2020-09-26,3.694,3.264,7.386,-5.808
2020-09-27,3.694,3.264,7.386,-5.808
2020-09-28,3.694,3.264,7.386,-5.808
2020-09-29,3.694,3.264,7.386,-5.808
2020-09-30,3.694,3.264,7.386,-5.808
2020-10-01,4.52,3.889,7.998,-2.02
2020-10-02,4.52,3.889,7.998,-2.02
2020-10-03,4.52,3.889,7.998,-2.02
2020-10-04,4.52,3.889,7.998,-2.02
2020-10-05,4.52,3.889,7.998,-2.02
2020-10-06,4.52,3.889,7.998,-2.02
2020-10-07,4.52,3.889,7.998,-2.02
2020-10-08,4.52,3.889,7.998,-2.02
2020-10-09,4.52,3.889,7.998,-2.02
2020-10-10,4.52,3.889,7.998,-2.02
2020-10-11,4.52,3.889,7.998,-2.02
2020-10-12,4.52,3.889,7.998,-2.02
2020-10-13,4.52,3.889,7.998,-2.02
2020-10-14,4.52,3.889,7.998,-2.02
2020-10-15,4.52,3.889,7.998,-2.02
2020-10-16,4.52,3.889,7.998,-2.02
2020-10-17,4.52,3.889,7.998,-2.02
2020-10-18,4.52,3.889,7.998,-2.02
2020-10-19,4.52,3.889,7.998,-2.02
2020-10-20,4.52,3.889,7.998,-2.02
2020-10-21,4.52,3.889,7.998,-2.02
2020-10-22,4.52,3.889,7.998,-2.02
2020-10-23,4.52,3.889,7.998,-2.02
2020-10-24,4.52,3.889,7.998,-2.02
2020-10-25,4.52,3.889,7.998,-2.02
2020-10-26,4.52,3.889,7.998,-2.02
2020-10-27,4.52,3.889,7.998,-2.02
2020-10-28,4.52,3.889,7.998,-2.02
2020-10-29,4.52,3.889,7.998,-2.02
2020-10-30,4.52,3.889,7.998,-2.02
2020-10-31,4.52,3.889,7.998,-2.02
2020-11-01,5.696,4.021,7.877,19.487
2020-11-02,5.696,4.021,7.877,19.487
2020-11-03,5.696,4.021,7.877,19.487
2020-11-04,5.696,4.021,7.877,19.487
2020-11-05,5.696,4.021,7.877,19.487
2020-11-06,5.696,4.021,7.877,19.487
2020-11-07,5.696,4.021,7.877,19.487
2020-11-08,5.696,4.021,7.877,19.487
2020-11-09,5.696,4.021,7.877,19.487
2020-11-10,5.696,4.021,7.877,19.487
2020-11-11,5.696,4.021,7.877,19.487
2020-11-12,5.696,4.021,7.877,19.487
2020-11-13,5.696,4.021,7.877,19.487
2020-11-14,5.696,4.021,7.877,19.487
2020-11-15,5.696,4.021,7.877,19.487
2020-11-16,5.696,4.021,7.877,19.487
2020-11-17,5.696,4.021,7.877,19.487
2020-11-18,5.696,4.021,7.877,19.487
2020-11-19,5.696,4.021,7.877,19.487
2020-11-20,5.696,4.021,7.877,19.487
2020-11-21,5.696,4.021,7.877,19.487
2020-11-22,5.696,4.021,7.877,19.487
2020-11-23,5.696,4.021,7.877,19.487
2020-11-24,5.696,4.021,7.877,19.487
2020-11-25,5.696,4.021,7.877,19.487
2020-11-26,5.696,4.021,7.877,19.487
2020-11-27,5.696,4.021,7.877,19.487
2020-11-28,5.696,4.021,7.877,19.487
2020-11-29,5.696,4.021,7.877,19.487
2020-11-30,5.696,4.021,7.877,19.487
2020-12-01,5.428,3.803,9.459,10.417
2020-12-02,5.428,3.803,9.459,10.417
2020-12-03,5.428,3.803,9.459,10.417
2020-12-04,5.428,3.803,9.459,10.417
2020-12-05,5.428,3.803,9.459,10.417
2020-12-06,5.428,3.803,9.459,10.417
2020-12-07,5.428,3.803,9.459,10.417
2020-12-08,5.428,3.803,9.459,10.417
2020-12-09,5.428,3.803,9.459,10.417
2020-12-10,5.428,3.803,9.459,10.417
2020-12-11,5.428,3.803,9.459,10.417
2020-12-12,5.428,3.803,9.459,10.417
2020-12-13,5.428,3.803,9.459,10.417
2020-12-14,5.428,3.803,9.459,10.417
2020-12-15,5.428,3.803,9.459,10.417
2020-12-16,5.428,3.803,9.459,10.417
2020-12-17,5.428,3.803,9.459,10.417
2020-12-18,5.428,3.803,9.459,10.417
2020-12-19,5.428,3.803,9.459,10.417
2020-12-20,5.428,3.803,9.459,10.417
2020-12-21,5.428,3.803,9.459,10.417
2020-12-22,5.428,3.803,9.459,10.417
2020-12-23,5.428,3.803,9.459,10.417
2020-12-24,5.428,3.803,9.459,10.417
2020-12-25,5.428,3.803,9.459,10.417
2020-12-26,5.428,3.803,9.459,10.417
2020-12-27,5.428,3.803,9.459,10.417
2020-12-28,5.428,3.803,9.459,10.417
2020-12-29,5.428,3.803,9.459,10.417
2020-12-30,5.428,3.803,9.459,10.417
2020-12-31,5.428,3.803,9.459,10.417
2021-01-01,4.285,3.637,9.297,-8.518
2021-01-02,4.285,3.637,9.297,-8.518
2021-01-03,4.285,3.637,9.297,-8.518
2021-01-04,4.285,3.637,9.297,-8.518
2021-01-05,4.285,3.637,9.297,-8.518
2021-01-06,4.285,3.637,9.297,-8.518
2021-01-07,4.285,3.637,9.297,-8.518
2021-01-08,4.285,3.637,9.297,-8.518
2021-01-09,4.285,3.637,9.297,-8.518
2021-01-10,4.285,3.637,9.297,-8.518
2021-01-11,4.285,3.637,9.297,-8.518
2021-01-12,4.285,3.637,9.297,-8.518
2021-01-13,4.285,3.637,9.297,-8.518
2021-01-14,4.285,3.637,9.297,-8.518
2021-01-15,4.285,3.637,9.297,-8.518
2021-01-16,4.285,3.637,9.297,-8.518
2021-01-17,4.285,3.637,9.297,-8.518
2021-01-18,4.285,3.637,9.297,-8.518
2021-01-19,4.285,3.637,9.297,-8.518
2021-01-20,4.285,3.637,9.297,-8.518
2021-01-21,4.285,3.637,9.297,-8.518
2021-01-22,4.285,3.637,9.297,-8.518
2021-01-23,4.285,3.637,9.297,-8.518
2021-01-24,4.285,3.637,9.297,-8.518
2021-01-25,4.285,3.637,9.297,-8.518
2021-01-26,4.285,3.637,9.297,-8.518
2021-01-27,4.285,3.637,9.297,-8.518
2021-01-28,4.285,3.637,9.297,-8.518
2021-01-29,4.285,3.637,9.297,-8.518
2021-01-30,4.285,3.637,9.297,-8.518
2021-01-31,4.285,3.637,9.297,-8.518
2021-02-01,4.455,3.645,9.729,-7.647
2021-02-02,4.455,3.645,9.729,-7.647
2021-02-03,4.455,3.645,9.729,-7.647
2021-02-04,4.455,3.645,9.729,-7.647
2021-02-05,4.455,3.645,9.729,-7.647
2021-02-06,4.455,3.645,9.729,-7.647
2021-02-07,4.455,3.645,9.729,-7.647
2021-02-08,4.455,3.645,9.729,-7.647
2021-02-09,4.455,3.645,9.729,-7.647
2021-02-10,4.455,3.645,9.729,-7.647
2021-02-11,4.455,3.645,9.729,-7.647
2021-02-12,4.455,3.645,9.729,-7.647
2021-02-13,4.455,3.645,9.729,-7.647
2021-02-14,4.455,3.645,9.729,-7.647
2021-02-15,4.455,3.645,9.729,-7.647
2021-02-16,4.455,3.645,9.729,-7.647
2021-02-17,4.455,3.645,9.729,-7.647
2021-02-18,4.455,3.645,9.729,-7.647
2021-02-19,4.455,3.645,9.729,-7.647
2021-02-20,4.455,3.645,9.729,-7.647
2021-02-21,4.455,3.645,9.729,-7.647
2021-02-22,4.455,3.645,9.729,-7.647
2021-02-23,4.455,3.645,9.729,-7.647
2021-02-24,4.455,3.645,9.729,-7.647
2021-02-25,4.455,3.645,9.729,-7.647
2021-02-26,4.455,3.645,9.729,-7.647
2021-02-27,4.455,3.645,9.729,-7.647
2021-02-28,4.455,3.645,9.729,-7.647
2021-03-01,4.476,3.672,8.337,-1.516
2021-03-02,4.476,3.672,8.337,-1.516
2021-03-03,4.476,3.672,8.337,-1.516
2021-03-04,4.476,3.672,8.337,-1.516
2021-03-05,4.476,3.672,8.337,-1.516
2021-03-06,4.476,3.672,8.337,-1.516
2021-03-07,4.476,3.672,8.337,-1.516
2021-03-08,4.476,3.672,8.337,-1.516
2021-03-09,4.476,3.672,8.337,-1.516
2021-03-10,4.476,3.672,8.337,-1.516
2021-03-11,4.476,3.672,8.337,-1.516
2021-03-12,4.476,3.672,8.337,-1.516
2021-03-13,4.476,3.672,8.337,-1.516
2021-03-14,4.476,3.672,8.337,-1.516
2021-03-15,4.476,3.672,8.337,-1.516
2021-03-16,4.476,3.672,8.337,-1.516
2021-03-17,4.476,3.672,8.337,-1.516
2021-03-18,4.476,3.672,8.337,-1.516
2021-03-19,4.476,3.672,8.337,-1.516
2021-03-20,4.476,3.672,8.337,-1.516
2021-03-21,4.476,3.672,8.337,-1.516
2021-03-22,4.476,3.672,8.337,-1.516
2021-03-23,4.476,3.672,8.337,-1.516
2021-03-24,4.476,3.672,8.337,-1.516
2021-03-25,4.476,3.672,8.337,-1.516
2021-03-26,4.476,3.672,8.337,-1.516
2021-03-27,4.476,3.672,8.337,-1.516
2021-03-28,4.476,3.672,8.337,-1.516
2021-03-29,4.476,3.672,8.337,-1.516
2021-03-30,4.476,3.672,8.337,-1.516
2021-03-31,4.476,3.672,8.337,-1.516
2021-04-01,4.101,3.331,8.854,-5.32
2021-04-02,4.101,3.331,8.854,-5.32
2021-04-03,4.101,3.331,8.854,-5.32
2021-04-04,4.101,3.331,8.854,-5.32
2021-04-05,4.101,3.331,8.854,-5.32
2021-04-06,4.101,3.331,8.854,-5.32
2021-04-07,4.101,3.331,8.854,-5.32
2021-04-08,4.101,3.331,8.854,-5.32
2021-04-09,4.101,3.331,8.854,-5.32
2021-04-10,4.101,3.331,8.854,-5.32
2021-04-11,4.101,3.331,8.854,-5.32
2021-04-12,4.101,3.331,8.854,-5.32
2021-04-13,4.101,3.331,8.854,-5.32
2021-04-14,4.101,3.331,8.854,-5.32
2021-04-15,4.101,3.331,8.854,-5.32
2021-04-16,4.101,3.331,8.854,-5.32
2021-04-17,4.101,3.331,8.854,-5.32
2021-04-18,4.101,3.331,8.854,-5.32
2021-04-19,4.101,3.331,8.854,-5.32
2021-04-20,4.101,3.331,8.854,-5.32
2021-04-21,4.101,3.331,8.854,-5.32
2021-04-22,4.101,3.331,8.854,-5.32
2021-04-23,4.101,3.331,8.854,-5.32
2021-04-24,4.101,3.331,8.854,-5.32
2021-04-25,4.101,3.331,8.854,-5.32
2021-04-26,4.101,3.331,8.854,-5.32
2021-04-27,4.101,3.331,8.854,-5.32
2021-04-28,4.101,3.331,8.854,-5.32
2021-04-29,4.101,3.331,8.854,-5.32
2021-04-30,4.101,3.331,8.854,-5.32
2021-05-01,4.829,3.413,8.88,6.931
2021-05-02,4.829,3.413,8.88,6.931
2021-05-03,4.829,3.413,8.88,6.931
2021-05-04,4.829,3.413,8.88,6.931
2021-05-05,4.829,3.413,8.88,6.931
2021-05-06,4.829,3.413,8.88,6.931
2021-05-07,4.829,3.413,8.88,6.931
2021-05-08,4.829,3.413,8.88,6.931
2021-05-09,4.829,3.413,8.88,6.931
2021-05-10,4.829,3.413,8.88,6.931
2021-05-11,4.829,3.413,8.88,6.931
2021-05-12,4.829,3.413,8.88,6.931
2021-05-13,4.829,3.413,8.88,6.931
2021-05-14,4.829,3.413,8.88,6.931
2021-05-15,4.829,3.413,8.88,6.931
2021-05-16,4.829,3.413,8.88,6.931
2021-05-17,4.829,3.413,8.88,6.931
2021-05-18,4.829,3.413,8.88,6.931
2021-05-19,4.829,3.413,8.88,6.931
2021-05-20,4.829,3.413,8.88,6.931
2021-05-21,4.829,3.413,8.88,6.931
2021-05-22,4.829,3.413,8.88,6.931
2021-05-23,4.829,3.413,8.88,6.931
2021-05-24,4.829,3.413,8.88,6.931
2021-05-25,4.829,3.413,8.88,6.931
2021-05-26,4.829,3.413,8.88,6.931
2021-05-27,4.829,3.413,8.88,6.931
2021-05-28,4.829,3.413,8.88,6.931
2021-05-29,4.829,3.413,8.88,6.931
2021-05-30,4.829,3.413,8.88,6.931
2021-05-31,4.829,3.413,8.88,6.931
2021-06-01,4.93,3.849,9.507,0.098
2021-06-02,4.93,3.849,9.507,0.098
2021-06-03,4.93,3.849,9.507,0.098
2021-06-04,4.93,3.849,9.507,0.098
2021-06-05,4.93,3.849,9.507,0.098
2021-06-06,4.93,3.849,9.507,0.098
2021-06-07,4.93,3.849,9.507,0.098
2021-06-08,4.93,3.849,9.507,0.098
2021-06-09,4.93,3.849,9.507,0.098
2021-06-10,4.93,3.849,9.507,0.098
2021-06-11,4.93,3.849,9.507,0.098
2021-06-12,4.93,3.849,9.507,0.098
2021-06-13,4.93,3.849,9.507,0.098
2021-06-14,4.93,3.849,9.507,0.098
2021-06-15,4.93,3.849,9.507,0.098
2021-06-16,4.93,3.849,9.507,0.098
2021-06-17,4.93,3.849,9.507,0.098
2021-06-18,4.93,3.849,9.507,0.098
2021-06-19,4.93,3.849,9.507,0.098
2021-06-20,4.93,3.849,9.507,0.098
2021-06-21,4.93,3.849,9.507,0.098
2021-06-22,4.93,3.849,9.507,0.098
2021-06-23,4.93,3.849,9.507,0.098
2021-06-24,4.93,3.849,9.507,0.098
2021-06-25,4.93,3.849,9.507,0.098
2021-06-26,4.93,3.849,9.507,0.098
2021-06-27,4.93,3.849,9.507,0.098
2021-06-28,4.93,3.849,9.507,0.098
2021-06-29,4.93,3.849,9.507,0.098
2021-06-30,4.93,3.849,9.507,0.098
2021-07-01,5.446,4.567,9.219,0.774
2021-07-02,5.446,4.567,9.219,0.774
2021-07-03,5.446,4.567,9.219,0.774
2021-07-04,5.446,4.567,9.219,0.774
2021-07-05,5.446,4.567,9.219,0.774
2021-07-06,5.446,4.567,9.219,0.774
2021-07-07,5.446,4.567,9.219,0.774
2021-07-08,5.446,4.567,9.219,0.774
2021-07-09,5.446,4.567,9.219,0.774
2021-07-10,5.446,4.567,9.219,0.774
2021-07-11,5.446,4.567,9.219,0.774
2021-07-12,5.446,4.567,9.219,0.774
2021-07-13,5.446,4.567,9.219,0.774
2021-07-14,5.446,4.567,9.219,0.774
2021-07-15,5.446,4.567,9.219,0.774
2021-07-16,5.446,4.567,9.219,0.774
2021-07-17,5.446,4.567,9.219,0.774
2021-07-18,5.446,4.567,9.219,0.774
2021-07-19,5.446,4.567,9.219,0.774
2021-07-20,5.446,4.567,9.219,0.774
2021-07-21,5.446,4.567,9.219,0.774
2021-07-22,5.446,4.567,9.219,0.774
2021-07-23,5.446,4.567,9.219,0.774
2021-07-24,5.446,4.567,9.219,0.774
2021-07-25,5.446,4.567,9.219,0.774
2021-07-26,5.446,4.567,9.219,0.774
2021-07-27,5.446,4.567,9.219,0.774
2021-07-28,5.446,4.567,9.219,0.774
2021-07-29,5.446,4.567,9.219,0.774
2021-07-30,5.446,4.567,9.219,0.774
2021-07-31,5.446,4.567,9.219,0.774
2021-08-01,5.682,4.526,8.55,8.733
2021-08-02,5.682,4.526,8.55,8.733
2021-08-03,5.682,4.526,8.55,8.733
2021-08-04,5.682,4.526,8.55,8.733
2021-08-05,5.682,4.526,8.55,8.733
2021-08-06,5.682,4.526,8.55,8.733
2021-08-07,5.682,4.526,8.55,8.733
2021-08-08,5.682,4.526,8.55,8.733
2021-08-09,5.682,4.526,8.55,8.733
2021-08-10,5.682,4.526,8.55,8.733
2021-08-11,5.682,4.526,8.55,8.733
2021-08-12,5.682,4.526,8.55,8.733
2021-08-13,5.682,4.526,8.55,8.733
2021-08-14,5.682,4.526,8.55,8.733
2021-08-15,5.682,4.526,8.55,8.733
2021-08-16,5.682,4.526,8.55,8.733
2021-08-17,5.682,4.526,8.55,8.733
2021-08-18,5.682,4.526,8.55,8.733
2021-08-19,5.682,4.526,8.55,8.733
2021-08-20,5.682,4.526,8.55,8.733
2021-08-21,5.682,4.526,8.55,8.733
2021-08-22,5.682,4.526,8.55,8.733
2021-08-23,5.682,4.526,8.55,8.733
2021-08-24,5.682,4.526,8.55,8.733
2021-08-25,5.682,4.526,8.55,8.733
2021-08-26,5.682,4.526,8.55,8.733
2021-08-27,5.682,4.526,8.55,8.733
2021-08-28,5.682,4.526,8.55,8.733
2021-08-29,5.682,4.526,8.55,8.733
2021-08-30,5.682,4.526,8.55,8.733
2021-08-31,5.682,4.526,8.55,8.733
2021-09-01,6.579,4.848,7.646,25.946
2021-09-02,6.579,4.848,7.646,25.946
2021-09-03,6.579,4.848,7.646,25.946
2021-09-04,6.579,4.848,7.646,25.946
2021-09-05,6.579,4.848,7.646,25.946
2021-09-06,6.579,4.848,7.646,25.946
2021-09-07,6.579,4.848,7.646,25.946
2021-09-08,6.579,4.848,7.646,25.946
2021-09-09,6.579,4.848,7.646,25.946
2021-09-10,6.579,4.848,7.646,25.946
2021-09-11,6.579,4.848,7.646,25.946
2021-09-12,6.579,4.848,7.646,25.946
2021-09-13,6.579,4.848,7.646,25.946
2021-09-14,6.579,4.848,7.646,25.946
2021-09-15,6.579,4.848,7.646,25.946
2021-09-16,6.579,4.848,7.646,25.946
2021-09-17,6.579,4.848,7.646,25.946
2021-09-18,6.579,4.848,7.646,25.946
2021-09-19,6.579,4.848,7.646,25.946
2021-09-20,6.579,4.848,7.646,25.946
2021-09-21,6.579,4.848,7.646,25.946
2021-09-22,6.579,4.848,7.646,25.946
2021-09-23,6.579,4.848,7.646,25.946
2021-09-24,6.579,4.848,7.646,25.946
2021-09-25,6.579,4.848,7.646,25.946
2021-09-26,6.579,4.848,7.646,25.946
2021-09-27,6.579,4.848,7.646,25.946
2021-09-28,6.579,4.848,7.646,25.946
2021-09-29,6.579,4.848,7.646,25.946
2021-09-30,6.579,4.848,7.646,25.946
2021-10-01,6.267,5.221,6.348,20.911
2021-10-02,6.267,5.221,6.348,20.911
2021-10-03,6.267,5.221,6.348,20.911
2021-10-04,6.267,5.221,6.348,20.911
2021-10-05,6.267,5.221,6.348,20.911
2021-10-06,6.267,5.221,6.348,20.911
2021-10-07,6.267,5.221,6.348,20.911
2021-10-08,6.267,5.221,6.348,20.911
2021-10-09,6.267,5.221,6.348,20.911
2021-10-10,6.267,5.221,6.348,20.911
2021-10-11,6.267,5.221,6.348,20.911
2021-10-12,6.267,5.221,6.348,20.911
2021-10-13,6.267,5.221,6.348,20.911
2021-10-14,6.267,5.221,6.348,20.911
2021-10-15,6.267,5.221,6.348,20.911
2021-10-16,6.267,5.221,6.348,20.911
2021-10-17,6.267,5.221,6.348,20.911
2021-10-18,6.267,5.221,6.348,20.911
2021-10-19,6.267,5.221,6.348,20.911
2021-10-20,6.267,5.221,6.348,20.911
2021-10-21,6.267,5.221,6.348,20.911
2021-10-22,6.267,5.221,6.348,20.911
2021-10-23,6.267,5.221,6.348,20.911
2021-10-24,6.267,5.221,6.348,20.911
2021-10-25,6.267,5.221,6.348,20.911
2021-10-26,6.267,5.221,6.348,20.911
2021-10-27,6.267,5.221,6.348,20.911
2021-10-28,6.267,5.221,6.348,20.911
2021-10-29,6.267,5.221,6.348,20.911
2021-10-30,6.267,5.221,6.348,20.911
2021-10-31,6.267,5.221,6.348,20.911
2021-11-01,5.556,5.79,7.796,-6.5
2021-11-02,5.556,5.79,7.796,-6.5
2021-11-03,5.556,5.79,7.796,-6.5
2021-11-04,5.556,5.79,7.796,-6.5
2021-11-05,5.556,5.79,7.796,-6.5
2021-11-06,5.556,5.79,7.796,-6.5
2021-11-07,5.556,5.79,7.796,-6.5
2021-11-08,5.556,5.79,7.796,-6.5
2021-11-09,5.556,5.79,7.796,-6.5
2021-11-10,5.556,5.79,7.796,-6.5
2021-11-11,5.556,5.79,7.796,-6.5
2021-11-12,5.556,5.79,7.796,-6.5
2021-11-13,5.556,5.79,7.796,-6.5
2021-11-14,5.556,5.79,7.796,-6.5
2021-11-15,5.556,5.79,7.796,-6.5
2021-11-16,5.556,5.79,7.796,-6.5
2021-11-17,5.556,5.79,7.796,-6.5
2021-11-18,5.556,5.79,7.796,-6.5
2021-11-19,5.556,5.79,7.796,-6.5
2021-11-20,5.556,5.79,7.796,-6.5
2021-11-21,5.556,5.79,7.796,-6.5
2021-11-22,5.556,5.79,7.796,-6.5
2021-11-23,5.556,5.79,7.796,-6.5
2021-11-24,5.556,5.79,7.796,-6.5
2021-11-25,5.556,5.79,7.796,-6.5
2021-11-26,5.556,5.79,7.796,-6.5
2021-11-27,5.556,5.79,7.796,-6.5
2021-11-28,5.556,5.79,7.796,-6.5
2021-11-29,5.556,5.79,7.796,-6.5
2021-11-30,5.556,5.79,7.796,-6.5
2021-12-01,5.899,5.968,8.181,-5.07
2021-12-02,5.899,5.968,8.181,-5.07
2021-12-03,5.899,5.968,8.181,-5.07
2021-12-04,5.899,5.968,8.181,-5.07
2021-12-05,5.899,5.968,8.181,-5.07
2021-12-06,5.899,5.968,8.181,-5.07
2021-12-07,5.899,5.968,8.181,-5.07
2021-12-08,5.899,5.968,8.181,-5.07
2021-12-09,5.899,5.968,8.181,-5.07
2021-12-10,5.899,5.968,8.181,-5.07
2021-12-11,5.899,5.968,8.181,-5.07
2021-12-12,5.899,5.968,8.181,-5.07
2021-12-13,5.899,5.968,8.181,-5.07
2021-12-14,5.899,5.968,8.181,-5.07
2021-12-15,5.899,5.968,8.181,-5.07
2021-12-16,5.899,5.968,8.181,-5.07
2021-12-17,5.899,5.968,8.181,-5.07
2021-12-18,5.899,5.968,8.181,-5.07
2021-12-19,5.899,5.968,8.181,-5.07
2021-12-20,5.899,5.968,8.181,-5.07
2021-12-21,5.899,5.968,8.181,-5.07
2021-12-22,5.899,5.968,8.181,-5.07
2021-12-23,5.899,5.968,8.181,-5.07
2021-12-24,5.899,5.968,8.181,-5.07
2021-12-25,5.899,5.968,8.181,-5.07
2021-12-26,5.899,5.968,8.181,-5.07
2021-12-27,5.899,5.968,8.181,-5.07
2021-12-28,5.899,5.968,8.181,-5.07
2021-12-29,5.899,5.968,8.181,-5.07
2021-12-30,5.899,5.968,8.181,-5.07
2021-12-31,5.899,5.968,8.181,-5.07
2022-01-01,7.259,6.269,8.919,14.182
2022-01-02,7.259,6.269,8.919,14.182
2022-01-03,7.259,6.269,8.919,14.182
2022-01-04,7.259,6.269,8.919,14.182
2022-01-05,7.259,6.269,8.919,14.182
2022-01-06,7.259,6.269,8.919,14.182
2022-01-07,7.259,6.269,8.919,14.182
2022-01-08,7.259,6.269,8.919,14.182
2022-01-09,7.259,6.269,8.919,14.182
2022-01-10,7.259,6.269,8.919,14.182
2022-01-11,7.259,6.269,8.919,14.182
2022-01-12,7.259,6.269,8.919,14.182
2022-01-13,7.259,6.269,8.919,14.182
2022-01-14,7.259,6.269,8.919,14.182
2022-01-15,7.259,6.269,8.919,14.182
2022-01-16,7.259,6.269,8.919,14.182
2022-01-17,7.259,6.269,8.919,14.182
2022-01-18,7.259,6.269,8.919,14.182
2022-01-19,7.259,6.269,8.919,14.182
2022-01-20,7.259,6.269,8.919,14.182
2022-01-21,7.259,6.269,8.919,14.182
2022-01-22,7.259,6.269,8.919,14.182
2022-01-23,7.259,6.269,8.919,14.182
2022-01-24,7.259,6.269,8.919,14.182
2022-01-25,7.259,6.269,8.919,14.182
2022-01-26,7.259,6.269,8.919,14.182
2022-01-27,7.259,6.269,8.919,14.182
2022-01-28,7.259,6.269,8.919,14.182
2022-01-29,7.259,6.269,8.919,14.182
2022-01-30,7.259,6.269,8.919,14.182
2022-01-31,7.259,6.269,8.919,14.182
2022-02-01,8.819,7.234,8.68,35.195
2022-02-02,8.819,7.234,8.68,35.195
2022-02-03,8.819,7.234,8.68,35.195
2022-02-04,8.819,7.234,8.68,35.195
2022-02-05,8.819,7.234,8.68,35.195
2022-02-06,8.819,7.234,8.68,35.195
2022-02-07,8.819,7.234,8.68,35.195
2022-02-08,8.819,7.234,8.68,35.195
2022-02-09,8.819,7.234,8.68,35.195
2022-02-10,8.819,7.234,8.68,35.195
2022-02-11,8.819,7.234,8.68,35.195
2022-02-12,8.819,7.234,8.68,35.195
2022-02-13,8.819,7.234,8.68,35.195
2022-02-14,8.819,7.234,8.68,35.195
2022-02-15,8.819,7.234,8.68,35.195
2022-02-16,8.819,7.234,8.68,35.195
2022-02-17,8.819,7.234,8.68,35.195
2022-02-18,8.819,7.234,8.68,35.195
2022-02-19,8.819,7.234,8.68,35.195
2022-02-20,8.819,7.234,8.68,35.195
2022-02-21,8.819,7.234,8.68,35.195
2022-02-22,8.819,7.234,8.68,35.195
2022-02-23,8.819,7.234,8.68,35.195
2022-02-24,8.819,7.234,8.68,35.195
2022-02-25,8.819,7.234,8.68,35.195
2022-02-26,8.819,7.234,8.68,35.195
2022-02-27,8.819,7.234,8.68,35.195
2022-02-28,8.819,7.234,8.68,35.195
2022-03-01,10.491,10.055,9.079,24.205
2022-03-02,10.491,10.055,9.079,24.205
2022-03-03,10.491,10.055,9.079,24.205
2022-03-04,10.491,10.055,9.079,24.205
2022-03-05,10.491,10.055,9.079,24.205
2022-03-06,10.491,10.055,9.079,24.205
2022-03-07,10.491,10.055,9.079,24.205
2022-03-08,10.491,10.055,9.079,24.205
2022-03-09,10.491,10.055,9.079,24.205
2022-03-10,10.491,10.055,9.079,24.205
2022-03-11,10.491,10.055,9.079,24.205
2022-03-12,10.491,10.055,9.079,24.205
2022-03-13,10.491,10.055,9.079,24.205
2022-03-14,10.491,10.055,9.079,24.205
2022-03-15,10.491,10.055,9.079,24.205
2022-03-16,10.491,10.055,9.079,24.205
2022-03-17,10.491,10.055,9.079,24.205
2022-03-18,10.491,10.055,9.079,24.205
2022-03-19,10.491,10.055,9.079,24.205
2022-03-20,10.491,10.055,9.079,24.205
2022-03-21,10.491,10.055,9.079,24.205
2022-03-22,10.491,10.055,9.079,24.205
2022-03-23,10.491,10.055,9.079,24.205
2022-03-24,10.491,10.055,9.079,24.205
2022-03-25,10.491,10.055,9.079,24.205
2022-03-26,10.491,10.055,9.079,24.205
2022-03-27,10.491,10.055,9.079,24.205
2022-03-28,10.491,10.055,9.079,24.205
2022-03-29,10.491,10.055,9.079,24.205
2022-03-30,10.491,10.055,9.079,24.205
2022-03-31,10.491,10.055,9.079,24.205
2022-04-01,13.111,11.943,9.107,48.84
2022-04-02,13.111,11.943,9.107,48.84
2022-04-03,13.111,11.943,9.107,48.84
2022-04-04,13.111,11.943,9.107,48.84
2022-04-05,13.111,11.943,9.107,48.84
2022-04-06,13.111,11.943,9.107,48.84
2022-04-07,13.111,11.943,9.107,48.84
2022-04-08,13.111,11.943,9.107,48.84
2022-04-09,13.111,11.943,9.107,48.84
2022-04-10,13.111,11.943,9.107,48.84
2022-04-11,13.111,11.943,9.107,48.84
2022-04-12,13.111,11.943,9.107,48.84
2022-04-13,13.111,11.943,9.107,48.84
2022-04-14,13.111,11.943,9.107,48.84
2022-04-15,13.111,11.943,9.107,48.84
2022-04-16,13.111,11.943,9.107,48.84
2022-04-17,13.111,11.943,9.107,48.84
2022-04-18,13.111,11.943,9.107,48.84
2022-04-19,13.111,11.943,9.107,48.84
2022-04-20,13.111,11.943,9.107,48.84
2022-04-21,13.111,11.943,9.107,48.84
2022-04-22,13.111,11.943,9.107,48.84
2022-04-23,13.111,11.943,9.107,48.84
2022-04-24,13.111,11.943,9.107,48.84
2022-04-25,13.111,11.943,9.107,48.84
2022-04-26,13.111,11.943,9.107,48.84
2022-04-27,13.111,11.943,9.107,48.84
2022-04-28,13.111,11.943,9.107,48.84
2022-04-29,13.111,11.943,9.107,48.84
2022-04-30,13.111,11.943,9.107,48.84
2022-05-01,13.529,13.343,11.81,23.521
2022-05-02,13.529,13.343,11.81,23.521
2022-05-03,13.529,13.343,11.81,23.521
2022-05-04,13.529,13.343,11.81,23.521
2022-05-05,13.529,13.343,11.81,23.521
2022-05-06,13.529,13.343,11.81,23.521
2022-05-07,13.529,13.343,11.81,23.521
2022-05-08,13.529,13.343,11.81,23.521
2022-05-09,13.529,13.343,11.81,23.521
2022-05-10,13.529,13.343,11.81,23.521
2022-05-11,13.529,13.343,11.81,23.521
2022-05-12,13.529,13.343,11.81,23.521
2022-05-13,13.529,13.343,11.81,23.521
2022-05-14,13.529,13.343,11.81,23.521
2022-05-15,13.529,13.343,11.81,23.521
2022-05-16,13.529,13.343,11.81,23.521
2022-05-17,13.529,13.343,11.81,23.521
2022-05-18,13.529,13.343,11.81,23.521
2022-05-19,13.529,13.343,11.81,23.521
2022-05-20,13.529,13.343,11.81,23.521
2022-05-21,13.529,13.343,11.81,23.521
2022-05-22,13.529,13.343,11.81,23.521
2022-05-23,13.529,13.343,11.81,23.521
2022-05-24,13.529,13.343,11.81,23.521
2022-05-25,13.529,13.343,11.81,23.521
2022-05-26,13.529,13.343,11.81,23.521
2022-05-27,13.529,13.343,11.81,23.521
2022-05-28,13.529,13.343,11.81,23.521
2022-05-29,13.529,13.343,11.81,23.521
2022-05-30,13.529,13.343,11.81,23.521
2022-05-31,13.529,13.343,11.81,23.521
2022-06-01,13.155,14.571,10.612,5.253
2022-06-02,13.155,14.571,10.612,5.253
2022-06-03,13.155,14.571,10.612,5.253
2022-06-04,13.155,14.571,10.612,5.253
2022-06-05,13.155,14.571,10.612,5.253
2022-06-06,13.155,14.571,10.612,5.253
2022-06-07,13.155,14.571,10.612,5.253
2022-06-08,13.155,14.571,10.612,5.253
2022-06-09,13.155,14.571,10.612,5.253
2022-06-10,13.155,14.571,10.612,5.253
2022-06-11,13.155,14.571,10.612,5.253
2022-06-12,13.155,14.571,10.612,5.253
2022-06-13,13.155,14.571,10.612,5.253
2022-06-14,13.155,14.571,10.612,5.253
2022-06-15,13.155,14.571,10.612,5.253
2022-06-16,13.155,14.571,10.612,5.253
2022-06-17,13.155,14.571,10.612,5.253
2022-06-18,13.155,14.571,10.612,5.253
2022-06-19,13.155,14.571,10.612,5.253
2022-06-20,13.155,14.571,10.612,5.253
2022-06-21,13.155,14.571,10.612,5.253
2022-06-22,13.155,14.571,10.612,5.253
2022-06-23,13.155,14.571,10.612,5.253
2022-06-24,13.155,14.571,10.612,5.253
2022-06-25,13.155,14.571,10.612,5.253
2022-06-26,13.155,14.571,10.612,5.253
2022-06-27,13.155,14.571,10.612,5.253
2022-06-28,13.155,14.571,10.612,5.253
2022-06-29,13.155,14.571,10.612,5.253
2022-06-30,13.155,14.571,10.612,5.253
2022-07-01,13.64,15.637,10.469,0.554
2022-07-02,13.64,15.637,10.469,0.554
2022-07-03,13.64,15.637,10.469,0.554
2022-07-04,13.64,15.637,10.469,0.554
2022-07-05,13.64,15.637,10.469,0.554
2022-07-06,13.64,15.637,10.469,0.554
2022-07-07,13.64,15.637,10.469,0.554
2022-07-08,13.64,15.637,10.469,0.554
2022-07-09,13.64,15.637,10.469,0.554
2022-07-10,13.64,15.637,10.469,0.554
2022-07-11,13.64,15.637,10.469,0.554
2022-07-12,13.64,15.637,10.469,0.554
2022-07-13,13.64,15.637,10.469,0.554
2022-07-14,13.64,15.637,10.469,0.554
2022-07-15,13.64,15.637,10.469,0.554
2022-07-16,13.64,15.637,10.469,0.554
2022-07-17,13.64,15.637,10.469,0.554
2022-07-18,13.64,15.637,10.469,0.554
2022-07-19,13.64,15.637,10.469,0.554
2022-07-20,13.64,15.637,10.469,0.554
2022-07-21,13.64,15.637,10.469,0.554
2022-07-22,13.64,15.637,10.469,0.554
2022-07-23,13.64,15.637,10.469,0.554
2022-07-24,13.64,15.637,10.469,0.554
2022-07-25,13.64,15.637,10.469,0.554
2022-07-26,13.64,15.637,10.469,0.554
2022-07-27,13.64,15.637,10.469,0.554
2022-07-28,13.64,15.637,10.469,0.554
2022-07-29,13.64,15.637,10.469,0.554
2022-07-30,13.64,15.637,10.469,0.554
2022-07-31,13.64,15.637,10.469,0.554
2022-08-01,14.56,16.657,11.002,2.591
2022-08-02,14.56,16.657,11.002,2.591
2022-08-03,14.56,16.657,11.002,2.591
2022-08-04,14.56,16.657,11.002,2.591
2022-08-05,14.56,16.657,11.002,2.591
2022-08-06,14.56,16.657,11.002,2.591
2022-08-07,14.56,16.657,11.002,2.591
2022-08-08,14.56,16.657,11.002,2.591
2022-08-09,14.56,16.657,11.002,2.591
2022-08-10,14.56,16.657,11.002,2.591
2022-08-11,14.56,16.657,11.002,2.591
2022-08-12,14.56,16.657,11.002,2.591
2022-08-13,14.56,16.657,11.002,2.591
2022-08-14,14.56,16.657,11.002,2.591
2022-08-15,14.56,16.657,11.002,2.591
2022-08-16,14.56,16.657,11.002,2.591
2022-08-17,14.56,16.657,11.002,2.591
2022-08-18,14.56,16.657,11.002,2.591
2022-08-19,14.56,16.657,11.002,2.591
2022-08-20,14.56,16.657,11.002,2.591
2022-08-21,14.56,16.657,11.002,2.591
2022-08-22,14.56,16.657,11.002,2.591
2022-08-23,14.56,16.657,11.002,2.591
2022-08-24,14.56,16.657,11.002,2.591
2022-08-25,14.56,16.657,11.002,2.591
2022-08-26,14.56,16.657,11.002,2.591
2022-08-27,14.56,16.657,11.002,2.591
2022-08-28,14.56,16.657,11.002,2.591
2022-08-29,14.56,16.657,11.002,2.591
2022-08-30,14.56,16.657,11.002,2.591
2022-08-31,14.56,16.657,11.002,2.591
2022-09-01,15.021,17.996,11.862,-7.256
2022-09-02,15.021,17.996,11.862,-7.256
2022-09-03,15.021,17.996,11.862,-7.256
2022-09-04,15.021,17.996,11.862,-7.256
2022-09-05,15.021,17.996,11.862,-7.256
2022-09-06,15.021,17.996,11.862,-7.256
2022-09-07,15.021,17.996,11.862,-7.256
2022-09-08,15.021,17.996,11.862,-7.256
2022-09-09,15.021,17.996,11.862,-7.256
2022-09-10,15.021,17.996,11.862,-7.256
2022-09-11,15.021,17.996,11.862,-7.256
2022-09-12,15.021,17.996,11.862,-7.256
2022-09-13,15.021,17.996,11.862,-7.256
2022-09-14,15.021,17.996,11.862,-7.256
2022-09-15,15.021,17.996,11.862,-7.256
2022-09-16,15.021,17.996,11.862,-7.256
2022-09-17,15.021,17.996,11.862,-7.256
2022-09-18,15.021,17.996,11.862,-7.256
2022-09-19,15.021,17.996,11.862,-7.256
2022-09-20,15.021,17.996,11.862,-7.256
2022-09-21,15.021,17.996,11.862,-7.256
2022-09-22,15.021,17.996,11.862,-7.256
2022-09-23,15.021,17.996,11.862,-7.256
2022-09-24,15.021,17.996,11.862,-7.256
2022-09-25,15.021,17.996,11.862,-7.256
2022-09-26,15.021,17.996,11.862,-7.256
2022-09-27,15.021,17.996,11.862,-7.256
2022-09-28,15.021,17.996,11.862,-7.256
2022-09-29,15.021,17.996,11.862,-7.256
2022-09-30,15.021,17.996,11.862,-7.256
2022-10-01,16.243,19.021,11.341,2.116
2022-10-02,16.243,19.021,11.341,2.116
2022-10-03,16.243,19.021,11.341,2.116
2022-10-04,16.243,19.021,11.341,2.116
2022-10-05,16.243,19.021,11.341,2.116
2022-10-06,16.243,19.021,11.341,2.116
2022-10-07,16.243,19.021,11.341,2.116
2022-10-08,16.243,19.021,11.341,2.116
2022-10-09,16.243,19.021,11.341,2.116
2022-10-10,16.243,19.021,11.341,2.116
2022-10-11,16.243,19.021,11.341,2.116
2022-10-12,16.243,19.021,11.341,2.116
2022-10-13,16.243,19.021,11.341,2.116
2022-10-14,16.243,19.021,11.341,2.116
2022-10-15,16.243,19.021,11.341,2.116
2022-10-16,16.243,19.021,11.341,2.116
2022-10-17,16.243,19.021,11.341,2.116
2022-10-18,16.243,19.021,11.341,2.116
2022-10-19,16.243,19.021,11.341,2.116
2022-10-20,16.243,19.021,11.341,2.116
2022-10-21,16.243,19.021,11.341,2.116
2022-10-22,16.243,19.021,11.341,2.116
2022-10-23,16.243,19.021,11.341,2.116
2022-10-24,16.243,19.021,11.341,2.116
2022-10-25,16.243,19.021,11.341,2.116
2022-10-26,16.243,19.021,11.341,2.116
2022-10-27,16.243,19.021,11.341,2.116
2022-10-28,16.243,19.021,11.341,2.116
2022-10-29,16.243,19.021,11.341,2.116
2022-10-30,16.243,19.021,11.341,2.116
2022-10-31,16.243,19.021,11.341,2.116
2022-11-01,18.724,21.528,10.639,17.838
2022-11-02,18.724,21.528,10.639,17.838
2022-11-03,18.724,21.528,10.639,17.838
2022-11-04,18.724,21.528,10.639,17.838
2022-11-05,18.724,21.528,10.639,17.838
2022-11-06,18.724,21.528,10.639,17.838
2022-11-07,18.724,21.528,10.639,17.838
2022-11-08,18.724,21.528,10.639,17.838
2022-11-09,18.724,21.528,10.639,17.838
2022-11-10,18.724,21.528,10.639,17.838
2022-11-11,18.724,21.528,10.639,17.838
2022-11-12,18.724,21.528,10.639,17.838
2022-11-13,18.724,21.528,10.639,17.838
2022-11-14,18.724,21.528,10.639,17.838
2022-11-15,18.724,21.528,10.639,17.838
2022-11-16,18.724,21.528,10.639,17.838
2022-11-17,18.724,21.528,10.639,17.838
2022-11-18,18.724,21.528,10.639,17.838
2022-11-19,18.724,21.528,10.639,17.838
2022-11-20,18.724,21.528,10.639,17.838
2022-11-21,18.724,21.528,10.639,17.838
2022-11-22,18.724,21.528,10.639,17.838
2022-11-23,18.724,21.528,10.639,17.838
2022-11-24,18.724,21.528,10.639,17.838
2022-11-25,18.724,21.528,10.639,17.838
2022-11-26,18.724,21.528,10.639,17.838
2022-11-27,18.724,21.528,10.639,17.838
2022-11-28,18.724,21.528,10.639,17.838
2022-11-29,18.724,21.528,10.639,17.838
2022-11-30,18.724,21.528,10.639,17.838
2022-12-01,21.269,24.449,10.556,28.032
2022-12-02,21.269,24.449,10.556,28.032
2022-12-03,21.269,24.449,10.556,28.032
2022-12-04,21.269,24.449,10.556,28.032
2022-12-05,21.269,24.449,10.556,28.032
2022-12-06,21.269,24.449,10.556,28.032
2022-12-07,21.269,24.449,10.556,28.032
2022-12-08,21.269,24.449,10.556,28.032
2022-12-09,21.269,24.449,10.556,28.032
2022-12-10,21.269,24.449,10.556,28.032
2022-12-11,21.269,24.449,10.556,28.032
2022-12-12,21.269,24.449,10.556,28.032
2022-12-13,21.269,24.449,10.556,28.032
2022-12-14,21.269,24.449,10.556,28.032
2022-12-15,21.269,24.449,10.556,28.032
2022-12-16,21.269,24.449,10.556,28.032
2022-12-17,21.269,24.449,10.556,28.032
2022-12-18,21.269,24.449,10.556,28.032
2022-12-19,21.269,24.449,10.556,28.032
2022-12-20,21.269,24.449,10.556,28.032
2022-12-21,21.269,24.449,10.556,28.032
2022-12-22,21.269,24.449,10.556,28.032
2022-12-23,21.269,24.449,10.556,28.032
2022-12-24,21.269,24.449,10.556,28.032
2022-12-25,21.269,24.449,10.556,28.032
2022-12-26,21.269,24.449,10.556,28.032
2022-12-27,21.269,24.449,10.556,28.032
2022-12-28,21.269,24.449,10.556,28.032
2022-12-29,21.269,24.449,10.556,28.032
2022-12-30,21.269,24.449,10.556,28.032
2022-12-31,21.269,24.449,10.556,28.032
2023-01-01,25.834,31.241,10.136,24.615
2023-01-02,25.834,31.241,10.136,24.615
2023-01-03,25.834,31.241,10.136,24.615
2023-01-04,25.834,31.241,10.136,24.615
2023-01-05,25.834,31.241,10.136,24.615
2023-01-06,25.834,31.241,10.136,24.615
2023-01-07,25.834,31.241,10.136,24.615
2023-01-08,25.834,31.241,10.136,24.615
2023-01-09,25.834,31.241,10.136,24.615
2023-01-10,25.834,31.241,10.136,24.615
2023-01-11,25.834,31.241,10.136,24.615
2023-01-12,25.834,31.241,10.136,24.615
2023-01-13,25.834,31.241,10.136,24.615
2023-01-14,25.834,31.241,10.136,24.615
2023-01-15,25.834,31.241,10.136,24.615
2023-01-16,25.834,31.241,10.136,24.615
2023-01-17,25.834,31.241,10.136,24.615
2023-01-18,25.834,31.241,10.136,24.615
2023-01-19,25.834,31.241,10.136,24.615
2023-01-20,25.834,31.241,10.136,24.615
2023-01-21,25.834,31.241,10.136,24.615
2023-01-22,25.834,31.241,10.136,24.615
2023-01-23,25.834,31.241,10.136,24.615
2023-01-24,25.834,31.241,10.136,24.615
2023-01-25,25.834,31.241,10.136,24.615
2023-01-26,25.834,31.241,10.136,24.615
2023-01-27,25.834,31.241,10.136,24.615
2023-01-28,25.834,31.241,10.136,24.615
2023-01-29,25.834,31.241,10.136,24.615
2023-01-30,25.834,31.241,10.136,24.615
2023-01-31,25.834,31.241,10.136,24.615
2023-02-01,31.932,40.262,10.315,18.206
2023-02-02,31.932,40.262,10.315,18.206
2023-02-03,31.932,40.262,10.315,18.206
2023-02-04,31.932,40.262,10.315,18.206
2023-02-05,31.932,40.262,10.315,18.206
2023-02-06,31.932,40.262,10.315,18.206
2023-02-07,31.932,40.262,10.315,18.206
2023-02-08,31.932,40.262,10.315,18.206
2023-02-09,31.932,40.262,10.315,18.206
2023-02-10,31.932,40.262,10.315,18.206
2023-02-11,31.932,40.262,10.315,18.206
2023-02-12,31.932,40.262,10.315,18.206
2023-02-13,31.932,40.262,10.315,18.206
2023-02-14,31.932,40.262,10.315,18.206
2023-02-15,31.932,40.262,10.315,18.206
2023-02-16,31.932,40.262,10.315,18.206
2023-02-17,31.932,40.262,10.315,18.206
2023-02-18,31.932,40.262,10.315,18.206
2023-02-19,31.932,40.262,10.315,18.206
2023-02-20,31.932,40.262,10.315,18.206
2023-02-21,31.932,40.262,10.315,18.206
2023-02-22,31.932,40.262,10.315,18.206
2023-02-23,31.932,40.262,10.315,18.206
2023-02-24,31.932,40.262,10.315,18.206
2023-02-25,31.932,40.262,10.315,18.206
2023-02-26,31.932,40.262,10.315,18.206
2023-02-27,31.932,40.262,10.315,18.206
2023-02-28,31.932,40.262,10.315,18.206
2023-03-01,32.665,39.509,11.302,34.554
2023-03-02,32.665,39.509,11.302,34.554
2023-03-03,32.665,39.509,11.302,34.554
2023-03-04,32.665,39.509,11.302,34.554
2023-03-05,32.665,39.509,11.302,34.554
2023-03-06,32.665,39.509,11.302,34.554
2023-03-07,32.665,39.509,11.302,34.554
2023-03-08,32.665,39.509,11.302,34.554
2023-03-09,32.665,39.509,11.302,34.554
2023-03-10,32.665,39.509,11.302,34.554
2023-03-11,32.665,39.509,11.302,34.554
2023-03-12,32.665,39.509,11.302,34.554
2023-03-13,32.665,39.509,11.302,34.554
2023-03-14,32.665,39.509,11.302,34.554
2023-03-15,32.665,39.509,11.302,34.554
2023-03-16,32.665,39.509,11.302,34.554
2023-03-17,32.665,39.509,11.302,34.554
2023-03-18,32.665,39.509,11.302,34.554
2023-03-19,32.665,39.509,11.302,34.554
2023-03-20,32.665,39.509,11.302,34.554
2023-03-21,32.665,39.509,11.302,34.554
2023-03-22,32.665,39.509,11.302,34.554
2023-03-23,32.665,39.509,11.302,34.554
2023-03-24,32.665,39.509,11.302,34.554
2023-03-25,32.665,39.509,11.302,34.554
2023-03-26,32.665,39.509,11.302,34.554
2023-03-27,32.665,39.509,11.302,34.554
2023-03-28,32.665,39.509,11.302,34.554
2023-03-29,32.665,39.509,11.302,34.554
2023-03-30,32.665,39.509,11.302,34.554
2023-03-31,32.665,39.509,11.302,34.554
2023-04-01,30.596,38.575,12.505,7.065
2023-04-02,30.596,38.575,12.505,7.065
2023-04-03,30.596,38.575,12.505,7.065
2023-04-04,30.596,38.575,12.505,7.065
2023-04-05,30.596,38.575,12.505,7.065
2023-04-06,30.596,38.575,12.505,7.065
2023-04-07,30.596,38.575,12.505,7.065
2023-04-08,30.596,38.575,12.505,7.065
2023-04-09,30.596,38.575,12.505,7.065
2023-04-10,30.596,38.575,12.505,7.065
2023-04-11,30.596,38.575,12.505,7.065
2023-04-12,30.596,38.575,12.505,7.065
2023-04-13,30.596,38.575,12.505,7.065
2023-04-14,30.596,38.575,12.505,7.065
2023-04-15,30.596,38.575,12.505,7.065
2023-04-16,30.596,38.575,12.505,7.065
2023-04-17,30.596,38.575,12.505,7.065
2023-04-18,30.596,38.575,12.505,7.065
2023-04-19,30.596,38.575,12.505,7.065
2023-04-20,30.596,38.575,12.505,7.065
2023-04-21,30.596,38.575,12.505,7.065
2023-04-22,30.596,38.575,12.505,7.065
2023-04-23,30.596,38.575,12.505,7.065
2023-04-24,30.596,38.575,12.505,7.065
2023-04-25,30.596,38.575,12.505,7.065
2023-04-26,30.596,38.575,12.505,7.065
2023-04-27,30.596,38.575,12.505,7.065
2023-04-28,30.596,38.575,12.505,7.065
2023-04-29,30.596,38.575,12.505,7.065
2023-04-30,30.596,38.575,12.505,7.065
2023-05-01,32.75,40.31,12.73,19.65
2023-05-02,32.75,40.31,12.73,19.65
2023-05-03,32.75,40.31,12.73,19.65
2023-05-04,32.75,40.31,12.73,19.65
2023-05-05,32.75,40.31,12.73,19.65
2023-05-06,32.75,40.31,12.73,19.65
2023-05-07,32.75,40.31,12.73,19.65
2023-05-08,32.75,40.31,12.73,19.65
2023-05-09,32.75,40.31,12.73,19.65
2023-05-10,32.75,40.31,12.73,19.65
2023-05-11,32.75,40.31,12.73,19.65
2023-05-12,32.75,40.31,12.73,19.65
2023-05-13,32.75,40.31,12.73,19.65
2023-05-14,32.75,40.31,12.73,19.65
2023-05-15,32.75,40.31,12.73,19.65
2023-05-16,32.75,40.31,12.73,19.65
2023-05-17,32.75,40.31,12.73,19.65
2023-05-18,32.75,40.31,12.73,19.65
2023-05-19,32.75,40.31,12.73,19.65
2023-05-20,32.75,40.31,12.73,19.65
2023-05-21,32.75,40.31,12.73,19.65
2023-05-22,32.75,40.31,12.73,19.65
2023-05-23,32.75,40.31,12.73,19.65
2023-05-24,32.75,40.31,12.73,19.65
2023-05-25,32.75,40.31,12.73,19.65
2023-05-26,32.75,40.31,12.73,19.65
2023-05-27,32.75,40.31,12.73,19.65
2023-05-28,32.75,40.31,12.73,19.65
2023-05-29,32.75,40.31,12.73,19.65
2023-05-30,32.75,40.31,12.73,19.65
2023-05-31,32.75,40.31,12.73,19.65
2023-06-01,35.71,41.0,17.02,46.45
2023-06-02,35.71,41.0,17.02,46.45
2023-06-03,35.71,41.0,17.02,46.45
2023-06-04,35.71,41.0,17.02,46.45
2023-06-05,35.71,41.0,17.02,46.45
2023-06-06,35.71,41.0,17.02,46.45
2023-06-07,35.71,41.0,17.02,46.45
2023-06-08,35.71,41.0,17.02,46.45
2023-06-09,35.71,41.0,17.02,46.45
2023-06-10,35.71,41.0,17.02,46.45
2023-06-11,35.71,41.0,17.02,46.45
2023-06-12,35.71,41.0,17.02,46.45
2023-06-13,35.71,41.0,17.02,46.45
2023-06-14,35.71,41.0,17.02,46.45
2023-06-15,35.71,41.0,17.02,46.45
2023-06-16,35.71,41.0,17.02,46.45
2023-06-17,35.71,41.0,17.02,46.45
2023-06-18,35.71,41.0,17.02,46.45
2023-06-19,35.71,41.0,17.02,46.45
2023-06-20,35.71,41.0,17.02,46.45
2023-06-21,35.71,41.0,17.02,46.45
2023-06-22,35.71,41.0,17.02,46.45
2023-06-23,35.71,41.0,17.02,46.45
2023-06-24,35.71,41.0,17.02,46.45
2023-06-25,35.71,41.0,17.02,46.45
2023-06-26,35.71,41.0,17.02,46.45
2023-06-27,35.71,41.0,17.02,46.45
2023-06-28,35.71,41.0,17.02,46.45
2023-06-29,35.71,41.0,17.02,46.45
2023-06-30,35.71,41.0,17.02,46.45
2023-07-01,36.46,40.73,17.47,66.69
2023-07-02,36.46,40.73,17.47,66.69
2023-07-03,36.46,40.73,17.47,66.69
2023-07-04,36.46,40.73,17.47,66.69
2023-07-05,36.46,40.73,17.47,66.69
2023-07-06,36.46,40.73,17.47,66.69
2023-07-07,36.46,40.73,17.47,66.69
2023-07-08,36.46,40.73,17.47,66.69
2023-07-09,36.46,40.73,17.47,66.69
2023-07-10,36.46,40.73,17.47,66.69
2023-07-11,36.46,40.73,17.47,66.69
2023-07-12,36.46,40.73,17.47,66.69
2023-07-13,36.46,40.73,17.47,66.69
2023-07-14,36.46,40.73,17.47,66.69
2023-07-15,36.46,40.73,17.47,66.69
2023-07-16,36.46,40.73,17.47,66.69
2023-07-17,36.46,40.73,17.47,66.69
2023-07-18,36.46,40.73,17.47,66.69
2023-07-19,36.46,40.73,17.47,66.69
2023-07-20,36.46,40.73,17.47,66.69
2023-07-21,36.46,40.73,17.47,66.69
2023-07-22,36.46,40.73,17.47,66.69
2023-07-23,36.46,40.73,17.47,66.69
2023-07-24,36.46,40.73,17.47,66.69
2023-07-25,36.46,40.73,17.47,66.69
2023-07-26,36.46,40.73,17.47,66.69
2023-07-27,36.46,40.73,17.47,66.69
2023-07-28,36.46,40.73,17.47,66.69
2023-07-29,36.46,40.73,17.47,66.69
2023-07-30,36.46,40.73,17.47,66.69
2023-07-31,36.46,40.73,17.47,66.69
2023-08-01,37.415,40.38,18.37,86.33
2023-08-02,37.415,40.38,18.37,86.33
2023-08-03,37.415,40.38,18.37,86.33
2023-08-04,37.415,40.38,18.37,86.33
2023-08-05,37.415,40.38,18.37,86.33
2023-08-06,37.415,40.38,18.37,86.33
2023-08-07,37.415,40.38,18.37,86.33
2023-08-08,37.415,40.38,18.37,86.33
2023-08-09,37.415,40.38,18.37,86.33
2023-08-10,37.415,40.38,18.37,86.33
2023-08-11,37.415,40.38,18.37,86.33
2023-08-12,37.415,40.38,18.37,86.33
2023-08-13,37.415,40.38,18.37,86.33
2023-08-14,37.415,40.38,18.37,86.33
2023-08-15,37.415,40.38,18.37,86.33
2023-08-16,37.415,40.38,18.37,86.33
2023-08-17,37.415,40.38,18.37,86.33
2023-08-18,37.415,40.38,18.37,86.33
2023-08-19,37.415,40.38,18.37,86.33
2023-08-20,37.415,40.38,18.37,86.33
2023-08-21,37.415,40.38,18.37,86.33
2023-08-22,37.415,40.38,18.37,86.33
2023-08-23,37.415,40.38,18.37,86.33
2023-08-24,37.415,40.38,18.37,86.33
2023-08-25,37.415,40.38,18.37,86.33
2023-08-26,37.415,40.38,18.37,86.33
2023-08-27,37.415,40.38,18.37,86.33
2023-08-28,37.415,40.38,18.37,86.33
2023-08-29,37.415,40.38,18.37,86.33
2023-08-30,37.415,40.38,18.37,86.33
2023-08-31,37.415,40.38,18.37,86.33
2023-09-01,38.0,39.7,17.88,107.71
2023-09-02,38.0,39.7,17.88,107.71
2023-09-03,38.0,39.7,17.88,107.71
2023-09-04,38.0,39.7,17.88,107.71
2023-09-05,38.0,39.7,17.88,107.71
2023-09-06,38.0,39.7,17.88,107.71
2023-09-07,38.0,39.7,17.88,107.71
2023-09-08,38.0,39.7,17.88,107.71
2023-09-09,38.0,39.7,17.88,107.71
2023-09-10,38.0,39.7,17.88,107.71
2023-09-11,38.0,39.7,17.88,107.71
2023-09-12,38.0,39.7,17.88,107.71
2023-09-13,38.0,39.7,17.88,107.71
2023-09-14,38.0,39.7,17.88,107.71
2023-09-15,38.0,39.7,17.88,107.71
2023-09-16,38.0,39.7,17.88,107.71
2023-09-17,38.0,39.7,17.88,107.71
2023-09-18,38.0,39.7,17.88,107.71
2023-09-19,38.0,39.7,17.88,107.71
2023-09-20,38.0,39.7,17.88,107.71
2023-09-21,38.0,39.7,17.88,107.71
2023-09-22,38.0,39.7,17.88,107.71
2023-09-23,38.0,39.7,17.88,107.71
2023-09-24,38.0,39.7,17.88,107.71
2023-09-25,38.0,39.7,17.88,107.71
2023-09-26,38.0,39.7,17.88,107.71
2023-09-27,38.0,39.7,17.88,107.71
2023-09-28,38.0,39.7,17.88,107.71
2023-09-29,38.0,39.7,17.88,107.71
2023-09-30,38.0,39.7,17.88,107.71
2023-10-01,35.8,38.1,17.0,89.22
2023-10-02,35.8,38.1,17.0,89.22
2023-10-03,35.8,38.1,17.0,89.22
2023-10-04,35.8,38.1,17.0,89.22
2023-10-05,35.8,38.1,17.0,89.22
2023-10-06,35.8,38.1,17.0,89.22
2023-10-07,35.8,38.1,17.0,89.22
2023-10-08,35.8,38.1,17.0,89.22
2023-10-09,35.8,38.1,17.0,89.22
2023-10-10,35.8,38.1,17.0,89.22
2023-10-11,35.8,38.1,17.0,89.22
2023-10-12,35.8,38.1,17.0,89.22
2023-10-13,35.8,38.1,17.0,89.22
2023-10-14,35.8,38.1,17.0,89.22
2023-10-15,35.8,38.1,17.0,89.22
2023-10-16,35.8,38.1,17.0,89.22
2023-10-17,35.8,38.1,17.0,89.22
2023-10-18,35.8,38.1,17.0,89.22
2023-10-19,35.8,38.1,17.0,89.22
2023-10-20,35.8,38.1,17.0,89.22
2023-10-21,35.8,38.1,17.0,89.22
2023-10-22,35.8,38.1,17.0,89.22
2023-10-23,35.8,38.1,17.0,89.22
2023-10-24,35.8,38.1,17.0,89.22
2023-10-25,35.8,38.1,17.0,89.22
2023-10-26,35.8,38.1,17.0,89.22
2023-10-27,35.8,38.1,17.0,89.22
2023-10-28,35.8,38.1,17.0,89.22
2023-10-29,35.8,38.1,17.0,89.22
2023-10-30,35.8,38.1,17.0,89.22
2023-10-31,35.8,38.1,17.0,89.22
2023-11-01,34.55,35.86,21.58,73.26
2023-11-02,34.55,35.86,21.58,73.26
2023-11-03,34.55,35.86,21.58,73.26
2023-11-04,34.55,35.86,21.58,73.26
2023-11-05,34.55,35.86,21.58,73.26
2023-11-06,34.55,35.86,21.58,73.26
2023-11-07,34.55,35.86,21.58,73.26
2023-11-08,34.55,35.86,21.58,73.26
2023-11-09,34.55,35.86,21.58,73.26
2023-11-10,34.55,35.86,21.58,73.26
2023-11-11,34.55,35.86,21.58,73.26
2023-11-12,34.55,35.86,21.58,73.26
2023-11-13,34.55,35.86,21.58,73.26
2023-11-14,34.55,35.86,21.58,73.26
2023-11-15,34.55,35.86,21.58,73.26
2023-11-16,34.55,35.86,21.58,73.26
2023-11-17,34.55,35.86,21.58,73.26
2023-11-18,34.55,35.86,21.58,73.26
2023-11-19,34.55,35.86,21.58,73.26
2023-11-20,34.55,35.86,21.58,73.26
2023-11-21,34.55,35.86,21.58,73.26
2023-11-22,34.55,35.86,21.58,73.26
2023-11-23,34.55,35.86,21.58,73.26
2023-11-24,34.55,35.86,21.58,73.26
2023-11-25,34.55,35.86,21.58,73.26
2023-11-26,34.55,35.86,21.58,73.26
2023-11-27,34.55,35.86,21.58,73.26
2023-11-28,34.55,35.86,21.58,73.26
2023-11-29,34.55,35.86,21.58,73.26
2023-11-30,34.55,35.86,21.58,73.26
2023-12-01,33.7,34.18,21.73,78.72
2023-12-02,33.7,34.18,21.73,78.72
2023-12-03,33.7,34.18,21.73,78.72
2023-12-04,33.7,34.18,21.73,78.72
2023-12-05,33.7,34.18,21.73,78.72
2023-12-06,33.7,34.18,21.73,78.72
2023-12-07,33.7,34.18,21.73,78.72
2023-12-08,33.7,34.18,21.73,78.72
2023-12-09,33.7,34.18,21.73,78.72
2023-12-10,33.7,34.18,21.73,78.72
2023-12-11,33.7,34.18,21.73,78.72
2023-12-12,33.7,34.18,21.73,78.72
2023-12-13,33.7,34.18,21.73,78.72
2023-12-14,33.7,34.18,21.73,78.72
2023-12-15,33.7,34.18,21.73,78.72
2023-12-16,33.7,34.18,21.73,78.72
2023-12-17,33.7,34.18,21.73,78.72
2023-12-18,33.7,34.18,21.73,78.72
2023-12-19,33.7,34.18,21.73,78.72
2023-12-20,33.7,34.18,21.73,78.72
2023-12-21,33.7,34.18,21.73,78.72
2023-12-22,33.7,34.18,21.73,78.72
2023-12-23,33.7,34.18,21.73,78.72
2023-12-24,33.7,34.18,21.73,78.72
2023-12-25,33.7,34.18,21.73,78.72
2023-12-26,33.7,34.18,21.73,78.72
2023-12-27,33.7,34.18,21.73,78.72
2023-12-28,33.7,34.18,21.73,78.72
2023-12-29,33.7,34.18,21.73,78.72
2023-12-30,33.7,34.18,21.73,78.72
