Timestamp,24K
2020-01-01T11:48:22+00:00,775.0
2020-01-02T13:46:59+00:00,776.0
2020-01-03T10:09:55+00:00,787.0
2020-01-03T11:29:31+00:00,789.0
2020-01-03T13:29:42+00:00,786.0
2020-01-04T13:39:15+00:00,791.0
2020-01-05T14:44:01+00:00,792.0
2020-01-06T09:29:22+00:00,805.0
2020-01-06T09:50:40+00:00,802.0
2020-01-07 00:00:00,802.0
2020-01-08T09:20:19+00:00,808.0
2020-01-09T11:42:25+00:00,787.0
2020-01-09T16:08:23+00:00,785.0
2020-01-10T09:29:51+00:00,787.0
2020-01-10T12:36:29+00:00,785.0
2020-01-10T13:53:26+00:00,787.0
2020-01-11 00:00:00,787.0
2020-01-12T11:43:52+00:00,790.0
2020-01-13T13:08:40+00:00,785.0
2020-01-14T12:41:16+00:00,780.0
2020-01-14T13:52:13+00:00,780.0
2020-01-15T10:31:58+00:00,780.0
2020-01-16T11:34:06+00:00,782.0
2020-01-16T15:04:01+00:00,780.0
2020-01-17T10:38:31+00:00,780.0
2020-01-17T13:53:33+00:00,783.0
2020-01-18T12:06:05+00:00,780.0
2020-01-19 00:00:00,780.0
2020-01-20T13:40:09+00:00,780.0
2020-01-21T14:33:57+00:00,780.0
2020-01-22T13:46:14+00:00,782.0
2020-01-23T12:33:44+00:00,782.0
2020-01-24T12:32:56+00:00,782.0
2020-01-24T14:44:21+00:00,783.0
2020-01-24T15:52:15+00:00,787.0
2020-01-25T13:31:52+00:00,787.0
2020-01-26 00:00:00,787.0
2020-01-27 00:00:00,787.0
2020-01-28 00:00:00,787.0
2020-01-29T10:08:05+00:00,790.0
2020-01-29T17:44:19+00:00,789.0
2020-01-30T11:54:34+00:00,793.0
2020-01-30T13:39:23+00:00,792.0
2020-01-30T15:43:35+00:00,793.0
2020-01-30T21:05:33+00:00,792.0
2020-01-31T11:58:07+00:00,792.0
2020-01-31T16:28:39+00:00,796.0
2020-02-01T12:33:57+00:00,798.0
2020-02-02 00:00:00,798.0
2020-02-03T16:43:20+00:00,793.0
2020-02-04T12:25:55+00:00,791.0
2020-02-04T14:31:27+00:00,787.0
2020-02-04T15:19:14+00:00,785.0
2020-02-04T15:57:44+00:00,784.0
2020-02-04T18:28:38+00:00,783.0
2020-02-05T13:43:15+00:00,780.0
2020-02-05T15:32:06+00:00,780.0
2020-02-05T18:26:39+00:00,782.0
2020-02-06T13:41:10+00:00,783.0
2020-02-07T11:27:36+00:00,783.0
2020-02-08T13:48:24+00:00,784.0
2020-02-09 00:00:00,784.0
2020-02-10T12:59:56+00:00,785.0
2020-02-11T13:52:44+00:00,784.0
2020-02-12 00:00:00,784.0
2020-02-13T11:54:59+00:00,785.0
2020-02-13T16:03:02+00:00,783.0
2020-02-14 00:00:00,783.0
2020-02-15 00:00:00,783.0
2020-02-16T13:15:01+00:00,786.0
2020-02-17T22:39:16+00:00,785.0
2020-02-18T12:27:04+00:00,787.0
2020-02-18T15:51:15+00:00,792.0
2020-02-18T16:26:55+00:00,794.0
2020-02-19T11:54:30+00:00,797.0
2020-02-19T13:04:29+00:00,796.0
2020-02-20T12:26:14+00:00,799.0
2020-02-20T16:13:18+00:00,799.0
2020-02-21T10:07:06+00:00,804.0
2020-02-21T13:08:16+00:00,805.0
2020-02-21T14:04:42+00:00,808.0
2020-02-22T12:14:54+00:00,809.0
2020-02-23 00:00:00,809.0
2020-02-24T10:58:42+00:00,830.0
2020-02-24T13:20:18+00:00,827.0
2020-02-24T15:37:27+00:00,827.0
2020-02-25T10:56:32+00:00,817.0
2020-02-25T12:37:59+00:00,815.0
2020-02-25T15:17:48+00:00,815.0
2020-02-25T15:51:29+00:00,815.0
2020-02-26T09:55:33+00:00,817.0
2020-02-26T14:06:31+00:00,814.0
2020-02-27T12:24:14+00:00,818.0
2020-02-27T13:24:58+00:00,820.0
2020-02-27T15:47:45+00:00,823.0
2020-02-27T16:26:52+00:00,819.0
2020-02-28T12:48:44+00:00,811.0
2020-02-28T15:31:03+00:00,805.0
2020-02-28T15:39:12+00:00,800.0
2020-02-28T16:11:35+00:00,794.0
2020-02-28T18:39:05+00:00,786.0
2020-02-28T20:35:20+00:00,791.0
2020-02-29T10:40:35+00:00,791.0
2020-03-01 00:00:00,791.0
2020-03-02T10:21:37+00:00,804.0
2020-03-02T12:07:26+00:00,803.0
2020-03-02T12:50:44+00:00,801.0
2020-03-02T13:22:02+00:00,802.0
2020-03-02T14:50:59+00:00,801.0
2020-03-02T16:49:50+00:00,798.0
2020-03-02T18:03:53+00:00,799.0
2020-03-03T10:04:36+00:00,797.0
2020-03-03T12:19:26+00:00,800.0
2020-03-03T15:12:16+00:00,807.0
2020-03-03T15:23:07+00:00,811.0
2020-03-03T15:48:37+00:00,817.0
2020-03-03T17:40:24+00:00,820.0
2020-03-03T19:59:17+00:00,811.0
2020-03-03T20:08:10+00:00,815.0
2020-03-04T10:22:04+00:00,817.0
2020-03-04T11:53:35+00:00,818.0
2020-03-04T12:35:54+00:00,820.0
2020-03-04T15:47:47+00:00,817.0
2020-03-05T12:57:03+00:00,819.0
2020-03-05T14:46:19+00:00,822.0
2020-03-05T16:26:31+00:00,823.0
2020-03-05T18:19:18+00:00,825.0
2020-03-05T20:09:59+00:00,824.0
2020-03-06T10:18:31+00:00,833.0
2020-03-07T10:36:22+00:00,824.0
2020-03-08 00:00:00,824.0
2020-03-09T13:17:50+00:00,839.0
2020-03-09T15:33:09+00:00,834.0
2020-03-09T16:03:47+00:00,832.0
2020-03-09T17:13:48+00:00,836.0
2020-03-09T19:07:13+00:00,834.0
2020-03-10T11:56:21+00:00,833.0
2020-03-10T14:04:19+00:00,831.0
2020-03-11T11:16:01+00:00,833.0
2020-03-11T12:18:28+00:00,834.0
2020-03-11T12:20:05+00:00,835.0
2020-03-11T12:26:07+00:00,834.0
2020-03-11T12:48:50+00:00,833.0
2020-03-11T14:50:23+00:00,831.0
2020-03-11T15:09:54+00:00,830.0
2020-03-12T15:51:17+00:00,794.0
2020-03-13 00:00:00,794.0
2020-03-14T10:07:23+00:00,780.0
2020-03-14T13:59:08+00:00,782.0
2020-03-15T10:44:53+00:00,783.0
2020-03-15T17:28:14+00:00,786.0
2020-03-15T22:12:53+00:00,802.0
2020-03-16T10:26:08+00:00,783.0
2020-03-16T14:43:31+00:00,777.0
2020-03-16T15:23:30+00:00,789.0
2020-03-16T16:06:40+00:00,783.0
2020-03-16T18:15:38+00:00,777.0
2020-03-17T12:14:35+00:00,766.0
2020-03-17T13:05:05+00:00,767.0
2020-03-17T13:16:45+00:00,771.0
2020-03-17T14:31:32+00:00,777.0
2020-03-17T14:47:11+00:00,783.0
2020-03-17T17:11:46+00:00,780.0
2020-03-18T11:01:49+00:00,783.0
2020-03-18T11:11:29+00:00,780.0
2020-03-18T11:44:21+00:00,783.0
2020-03-18T12:35:48+00:00,789.0
2020-03-18T13:11:33+00:00,780.0
2020-03-18T14:51:30+00:00,777.0
2020-03-18T15:12:20+00:00,775.0
2020-03-18T18:16:49+00:00,775.0
2020-03-19T11:13:54+00:00,767.0
2020-03-20T08:54:04+00:00,777.0
2020-03-20T12:11:08+00:00,771.0
2020-03-21T09:32:32+00:00,769.0
2020-03-22 00:00:00,769.0
2020-03-23T09:16:54+00:00,767.0
2020-03-23T12:06:40+00:00,773.0
2020-03-23T12:18:13+00:00,774.0
2020-03-23T12:31:50+00:00,773.0
2020-03-23T13:00:24+00:00,775.0
2020-03-23T15:24:44+00:00,780.0
2020-03-24T10:07:50+00:00,798.0
2020-03-24T10:55:17+00:00,800.0
2020-03-25T09:06:18+00:00,805.0
2020-03-26T10:23:40+00:00,802.0
2020-03-27 00:00:00,802.0
2020-03-28 00:00:00,802.0
2020-03-29T10:37:26+00:00,802.0
2020-03-30 00:00:00,802.0
2020-03-31T08:32:22+00:00,794.0
2020-03-31T10:39:48+00:00,789.0
2020-03-31T19:22:37+00:00,783.0
2020-04-01T09:00:53+00:00,786.0
2020-04-01T09:53:57+00:00,789.0
2020-04-02T09:16:25+00:00,787.0
2020-04-03T21:12:48+00:00,799.0
2020-04-04 00:00:00,799.0
2020-04-05 00:00:00,799.0
2020-04-06T18:32:58+00:00,815.0
2020-04-07T08:36:23+00:00,819.0
2020-04-08T08:53:13+00:00,817.0
2020-04-09T08:33:30+00:00,819.0
2020-04-09T09:35:01+00:00,822.0
2020-04-09T10:20:20+00:00,824.0
2020-04-10T13:19:08+00:00,835.0
2020-04-11 00:00:00,835.0
2020-04-12T08:30:45+00:00,837.0
2020-04-13T08:13:38+00:00,839.0
2020-04-13T15:36:32+00:00,844.0
2020-04-13T15:38:46+00:00,846.0
2020-04-13T17:01:50+00:00,849.0
2020-04-13T19:10:02+00:00,852.0
2020-04-13T21:31:12+00:00,849.0
2020-04-14T08:48:23+00:00,852.0
2020-04-14T13:54:39+00:00,857.0
2020-04-14T19:39:17+00:00,854.0
2020-04-15T08:13:54+00:00,848.0
2020-04-15T10:32:48+00:00,852.0
2020-04-15T10:39:41+00:00,852.0
2020-04-16T10:25:30+00:00,852.0
2020-04-16T10:56:28+00:00,857.0
2020-04-17T10:00:46+00:00,843.0
2020-04-18T09:11:56+00:00,837.0
2020-04-19 00:00:00,837.0
2020-04-20T10:32:26+00:00,834.0
2020-04-21T08:45:50+00:00,841.0
2020-04-21T10:04:48+00:00,837.0
2020-04-21T13:16:27+00:00,833.0
2020-04-22T09:07:42+00:00,843.0
2020-04-22T09:34:06+00:00,846.0
2020-04-22T13:21:41+00:00,848.0
2020-04-22T15:09:26+00:00,850.0
2020-04-23T08:28:41+00:00,857.0
2020-04-23T08:38:15+00:00,855.0
2020-04-23T09:52:06+00:00,858.0
2020-04-23T11:14:01+00:00,859.0
2020-04-24 00:00:00,859.0
2020-04-25T09:04:58+00:00,859.0
2020-04-26 00:00:00,859.0
2020-04-27T08:29:18+00:00,857.0
2020-04-28T09:20:56+00:00,850.0
2020-04-29T09:02:31+00:00,852.0
2020-04-30T08:21:35+00:00,857.0
2020-04-30T08:27:18+00:00,858.0
2020-04-30T09:15:28+00:00,859.0
2020-04-30T10:03:42+00:00,857.0
2020-04-30T15:19:49+00:00,854.0
2020-04-30T16:48:21+00:00,846.0
2020-05-01T08:50:48+00:00,840.0
2020-05-01T11:20:44+00:00,843.0
2020-05-01T15:12:11+00:00,846.0
2020-05-01T19:17:04+00:00,850.0
2020-05-02T08:17:57+00:00,849.0
2020-05-03 00:00:00,849.0
2020-05-04T08:51:20+00:00,850.0
2020-05-04T09:28:35+00:00,852.0
2020-05-05T08:52:38+00:00,849.0
2020-05-06T08:50:46+00:00,852.0
2020-05-07T09:10:19+00:00,847.0
2020-05-07T09:16:36+00:00,848.0
2020-05-07T18:47:34+00:00,856.0
2020-05-07T18:54:23+00:00,857.0
2020-05-08T08:51:54+00:00,857.0
2020-05-08T10:31:43+00:00,859.0
2020-05-08T13:37:34+00:00,855.0
2020-05-09T08:50:23+00:00,852.0
2020-05-10 00:00:00,852.0
2020-05-11T09:02:19+00:00,852.0
2020-05-11T10:11:34+00:00,852.0
2020-05-11T10:18:59+00:00,850.0
2020-05-11T10:27:30+00:00,849.0
2020-05-11T10:39:59+00:00,850.0
2020-05-12T09:10:16+00:00,852.0
2020-05-13T08:41:43+00:00,850.0
2020-05-13T13:16:57+00:00,856.0
2020-05-14T09:17:55+00:00,856.0
2020-05-14T09:44:34+00:00,857.0
2020-05-14T12:11:03+00:00,854.0
2020-05-14T12:34:50+00:00,856.0
2020-05-14T17:25:12+00:00,860.0
2020-05-15T08:11:16+00:00,863.0
2020-05-15T08:35:53+00:00,860.0
2020-05-15T12:45:54+00:00,864.0
2020-05-15T12:46:36+00:00,865.0
2020-05-15T16:04:16+00:00,867.0
2020-05-15T16:23:49+00:00,869.0
2020-05-16T06:26:15+00:00,865.0
2020-05-17 00:00:00,865.0
2020-05-18T09:33:19+00:00,874.0
2020-05-18T09:42:17+00:00,876.0
2020-05-18T11:32:49+00:00,878.0
2020-05-18T15:30:20+00:00,865.0
2020-05-19T09:01:26+00:00,869.0
2020-05-20T08:34:26+00:00,872.0
2020-05-20T11:10:14+00:00,874.0
2020-05-21T08:30:20+00:00,871.0
2020-05-22T09:12:35+00:00,872.0
2020-05-23 00:00:00,872.0
2020-05-24 00:00:00,872.0
2020-05-25 00:00:00,872.0
2020-05-26 00:00:00,872.0
2020-05-27 00:00:00,872.0
2020-05-28 00:00:00,872.0
2020-05-29T09:57:32+00:00,869.0
2020-05-29T11:09:20+00:00,871.0
2020-05-30 00:00:00,871.0
2020-05-31T12:24:45+00:00,872.0
2020-06-01T09:14:25+00:00,876.0
2020-06-01T10:43:39+00:00,874.0
2020-06-02T08:46:01+00:00,876.0
2020-06-02T11:42:28+00:00,879.0
2020-06-03T09:09:05+00:00,874.0
2020-06-03T12:00:52+00:00,878.0
2020-06-04T09:00:46+00:00,876.0
2020-06-04T09:42:28+00:00,878.0
2020-06-05T08:59:06+00:00,880.0
2020-06-05T09:22:37+00:00,882.0
2020-06-05T09:35:55+00:00,881.0
2020-06-05T12:45:25+00:00,878.0
2020-06-06T09:05:31+00:00,880.0
2020-06-06T12:00:46+00:00,886.0
2020-06-07T07:33:07+00:00,886.0
2020-06-08T08:25:45+00:00,883.0
2020-06-08T09:21:42+00:00,881.0
2020-06-08T10:04:03+00:00,882.0
2020-06-08T10:40:41+00:00,880.0
2020-06-08T13:35:04+00:00,875.0
2020-06-08T13:41:00+00:00,874.0
2020-06-08T14:30:55+00:00,876.0
2020-06-09T08:28:38+00:00,878.0
2020-06-10T09:49:15+00:00,879.0
2020-06-10T10:11:51+00:00,880.0
2020-06-10T14:36:02+00:00,883.0
2020-06-10T19:11:16+00:00,886.0
2020-06-10T20:07:48+00:00,890.0
2020-06-10T20:36:21+00:00,887.0
2020-06-11T09:11:06+00:00,888.0
2020-06-11T11:34:34+00:00,886.0
2020-06-12T09:09:58+00:00,889.0
2020-06-13T09:40:34+00:00,889.0
2020-06-14 00:00:00,889.0
2020-06-15T08:49:32+00:00,884.0
2020-06-15T11:16:48+00:00,882.0
2020-06-16T09:18:47+00:00,887.0
2020-06-16T10:04:19+00:00,888.0
2020-06-17T08:53:19+00:00,886.0
2020-06-17T11:38:38+00:00,884.0
2020-06-18T08:31:19+00:00,887.0
2020-06-18T09:25:43+00:00,889.0
2020-06-18T09:42:08+00:00,888.0
2020-06-19T08:39:28+00:00,889.0
2020-06-19T15:51:11+00:00,893.0
2020-06-20T09:21:49+00:00,894.0
2020-06-21 00:00:00,894.0
2020-06-22T08:46:50+00:00,896.0
2020-06-22T09:21:07+00:00,897.0
2020-06-22T09:38:24+00:00,896.0
2020-06-22T12:55:57+00:00,898.0
2020-06-22T13:58:21+00:00,900.0
2020-06-22T15:02:21+00:00,898.0
2020-06-23T08:14:28+00:00,900.0
2020-06-23T11:52:31+00:00,902.0
2020-06-23T13:44:01+00:00,903.0
2020-06-23T13:51:08+00:00,904.0
2020-06-23T20:13:26+00:00,908.0
2020-06-24T09:09:57+00:00,911.0
2020-06-24T09:47:02+00:00,912.0
2020-06-24T13:06:07+00:00,908.0
2020-06-25T10:23:25+00:00,905.0
2020-06-26T09:17:10+00:00,905.0
2020-06-26T15:18:03+00:00,903.0
2020-06-27T09:44:21+00:00,908.0
2020-06-28T14:45:10+00:00,908.0
2020-06-29T09:56:29+00:00,910.0
2020-06-30T15:34:45+00:00,912.0
2020-07-01T08:32:06+00:00,914.0
2020-07-01T11:17:32+00:00,911.0
2020-07-01T13:20:45+00:00,910.0
2020-07-01T13:59:47+00:00,907.0
2020-07-02T08:56:30+00:00,907.0
2020-07-02T13:07:30+00:00,906.0
2020-07-02T14:33:55+00:00,910.0
2020-07-03T08:35:05+00:00,908.0
2020-07-04 00:00:00,908.0
2020-07-05 00:00:00,908.0
2020-07-06T09:35:24+00:00,906.0
2020-07-06T12:16:59+00:00,907.0
2020-07-06T15:20:52+00:00,908.0
2020-07-07T12:34:30+00:00,905.0
2020-07-07T14:28:54+00:00,908.0
2020-07-08T10:02:21+00:00,913.0
2020-07-08T13:28:13+00:00,914.0
2020-07-08T13:39:08+00:00,917.0
2020-07-09T09:28:14+00:00,918.0
2020-07-09T15:12:30+00:00,914.0
2020-07-10T15:59:03+00:00,914.0
2020-07-11T10:32:55+00:00,914.0
2020-07-12 00:00:00,914.0
2020-07-13 00:00:00,914.0
2020-07-14T09:38:27+00:00,913.0
2020-07-14T14:57:08+00:00,914.0
2020-07-15T10:28:22+00:00,914.0
2020-07-15T14:33:49+00:00,917.0
2020-07-16T09:03:25+00:00,917.0
2020-07-17T09:32:48+00:00,917.0
2020-07-18T09:35:58+00:00,919.0
2020-07-18T11:07:16+00:00,920.0
2020-07-19 00:00:00,920.0
2020-07-20T09:32:24+00:00,920.0
2020-07-20T11:45:44+00:00,920.0
2020-07-20T12:34:08+00:00,922.0
2020-07-20T14:41:38+00:00,923.0
2020-07-21T16:26:52+00:00,936.0
2020-07-21T17:59:10+00:00,937.0
2020-07-22T09:07:47+00:00,940.0
2020-07-22T09:58:59+00:00,943.0
2020-07-22T10:17:38+00:00,944.0
2020-07-22T10:51:37+00:00,945.0
2020-07-22T10:58:37+00:00,946.0
2020-07-22T11:39:12+00:00,947.0
2020-07-22T12:02:54+00:00,948.0
2020-07-22T12:45:00+00:00,945.0
2020-07-22T13:06:35+00:00,944.0
2020-07-22T13:27:02+00:00,943.0
2020-07-22T14:23:27+00:00,945.0
2020-07-22T14:25:27+00:00,947.0
2020-07-22T16:09:00+00:00,948.0
2020-07-22T16:27:54+00:00,951.0
2020-07-23T08:32:38+00:00,958.0
2020-07-23T09:21:41+00:00,959.0
2020-07-23T13:41:31+00:00,954.0
2020-07-23T14:20:50+00:00,958.0
2020-07-23T15:18:06+00:00,961.0
2020-07-23T16:03:07+00:00,963.0
2020-07-24T09:52:39+00:00,963.0
2020-07-24T13:34:16+00:00,967.0
2020-07-24T13:45:00+00:00,968.0
2020-07-25T09:16:56+00:00,969.0
2020-07-26T08:46:37+00:00,971.0
2020-07-27T10:11:24+00:00,987.0
2020-07-27T10:12:30+00:00,991.0
2020-07-27T10:24:37+00:00,992.0
2020-07-27T15:13:25+00:00,994.0
2020-07-27T15:29:20+00:00,992.0
2020-07-28T08:28:21+00:00,985.0
2020-07-28T08:56:06+00:00,987.0
2020-07-28T09:48:05+00:00,990.0
2020-07-28T11:19:14+00:00,987.0
2020-07-28T13:05:39+00:00,990.0
2020-07-28T15:02:34+00:00,994.0
2020-07-28T18:56:47+00:00,999.0
2020-07-29T11:00:04+00:00,998.0
2020-07-29T18:26:43+00:00,1001.0
2020-07-29T18:53:35+00:00,1006.0
2020-07-29T18:54:24+00:00,1008.0
2020-07-29T19:33:25+00:00,1001.0
2020-07-30T10:00:17+00:00,999.0
2020-07-30T14:52:11+00:00,995.0
2020-07-30T15:25:25+00:00,994.0
2020-07-30T16:04:52+00:00,999.0
2020-07-30T17:52:40+00:00,998.0
2020-07-31T10:21:25+00:00,1006.0
2020-07-31T13:25:28+00:00,1001.0
2020-08-01T14:43:48+00:00,1004.0
2020-08-01T17:15:59+00:00,1006.0
2020-08-02 00:00:00,1006.0
2020-08-03T10:48:46+00:00,1003.0
2020-08-03T15:13:06+00:00,1006.0
2020-08-04T10:24:36+00:00,1007.0
2020-08-04T14:41:33+00:00,1011.0
2020-08-04T14:53:28+00:00,1012.0
2020-08-04T15:00:17+00:00,1014.0
2020-08-04T15:15:22+00:00,1015.0
2020-08-04T15:52:24+00:00,1016.0
2020-08-04T17:56:35+00:00,1023.0
2020-08-04T18:39:32+00:00,1025.0
2020-08-04T19:58:44+00:00,1032.0
2020-08-04T21:05:13+00:00,1034.0
2020-08-05T09:10:03+00:00,1042.0
2020-08-05T10:13:46+00:00,1046.0
2020-08-05T10:51:00+00:00,1047.0
2020-08-05T11:09:53+00:00,1044.0
2020-08-05T11:29:21+00:00,1046.0
2020-08-05T14:01:45+00:00,1049.0
2020-08-05T14:30:51+00:00,1051.0
2020-08-05T14:37:15+00:00,1054.0
2020-08-05T15:03:25+00:00,1049.0
2020-08-05T15:12:19+00:00,1051.0
2020-08-05T16:49:54+00:00,1046.0
2020-08-06T09:08:20+00:00,1051.0
2020-08-06T11:15:23+00:00,1051.0
2020-08-06T11:50:16+00:00,1053.0
2020-08-06T12:00:00+00:00,1054.0
2020-08-06T13:47:41+00:00,1056.0
2020-08-06T14:28:37+00:00,1054.0
2020-08-06T20:56:41+00:00,1056.0
2020-08-07T09:44:06+00:00,1054.0
2020-08-07T11:46:07+00:00,1051.0
2020-08-07T14:12:09+00:00,1042.0
2020-08-07T14:36:10+00:00,1040.0
2020-08-07T14:36:50+00:00,1042.0
2020-08-07T14:38:31+00:00,1040.0
2020-08-07T14:57:53+00:00,1042.0
2020-08-07T16:12:58+00:00,1038.0
2020-08-07T17:24:39+00:00,1031.0
2020-08-07T18:26:21+00:00,1034.0
2020-08-07T20:14:22+00:00,1040.0
2020-08-08T10:46:38+00:00,1040.0
2020-08-09 00:00:00,1040.0
2020-08-10T08:56:15+00:00,1040.0
2020-08-10T10:17:07+00:00,1038.0
2020-08-10T10:31:49+00:00,1037.0
2020-08-10T11:21:04+00:00,1036.0
2020-08-10T12:10:41+00:00,1037.0
2020-08-10T12:31:32+00:00,1036.0
2020-08-10T14:25:31+00:00,1039.0
2020-08-10T16:06:50+00:00,1036.0
2020-08-10T17:08:51+00:00,1034.0
2020-08-11T09:31:42+00:00,1017.0
2020-08-11T10:18:51+00:00,1014.0
2020-08-11T10:30:22+00:00,1015.0
2020-08-11T11:19:27+00:00,1011.0
2020-08-11T11:42:11+00:00,1007.0
2020-08-11T11:51:28+00:00,1006.0
2020-08-11T12:25:17+00:00,1003.0
2020-08-11T12:46:32+00:00,1000.0
2020-08-11T12:53:38+00:00,994.0
2020-08-11T13:21:30+00:00,989.0
2020-08-11T13:27:39+00:00,992.0
2020-08-11T13:45:59+00:00,994.0
2020-08-11T14:00:47+00:00,989.0
2020-08-11T14:43:03+00:00,994.0
2020-08-11T15:53:50+00:00,990.0
2020-08-11T16:37:15+00:00,989.0
2020-08-11T17:20:18+00:00,985.0
2020-08-11T17:21:20+00:00,983.0
2020-08-11T17:47:05+00:00,989.0
2020-08-11T18:04:21+00:00,983.0
2020-08-11T18:11:17+00:00,974.0
2020-08-11T18:17:15+00:00,983.0
2020-08-11T18:38:11+00:00,971.0
2020-08-12T00:37:04+00:00,969.0
2020-08-12T08:49:03+00:00,983.0
2020-08-12T09:50:53+00:00,980.0
2020-08-12T11:21:59+00:00,985.0
2020-08-12T11:23:47+00:00,983.0
2020-08-12T11:57:16+00:00,980.0
2020-08-12T12:28:34+00:00,983.0
2020-08-12T14:31:30+00:00,985.0
2020-08-12T15:14:44+00:00,987.0
2020-08-12T16:20:31+00:00,987.0
2020-08-12T16:50:14+00:00,989.0
2020-08-12T18:47:23+00:00,983.0
2020-08-12T19:50:57+00:00,975.0
2020-08-12T20:01:30+00:00,971.0
2020-08-13T09:32:10+00:00,980.0
2020-08-13T12:00:05+00:00,980.0
2020-08-13T14:52:51+00:00,982.0
2020-08-13T16:44:33+00:00,983.0
2020-08-13T18:06:12+00:00,992.0
2020-08-14T09:16:38+00:00,986.0
2020-08-14T10:02:41+00:00,983.0
2020-08-14T15:28:10+00:00,985.0
2020-08-14T19:24:45+00:00,983.0
2020-08-15T10:15:37+00:00,983.0
2020-08-16T15:59:18+00:00,978.0
2020-08-17T09:46:04+00:00,983.0
2020-08-17T11:02:05+00:00,985.0
2020-08-17T12:42:46+00:00,987.0
2020-08-17T12:43:13+00:00,989.0
2020-08-17T13:45:48+00:00,994.0
2020-08-17T14:32:32+00:00,1000.0
2020-08-17T14:47:02+00:00,1002.0
2020-08-17T14:50:32+00:00,1000.0
2020-08-17T16:37:22+00:00,1002.0
2020-08-18T08:45:47+00:00,1014.0
2020-08-18T10:35:44+00:00,1016.0
2020-08-18T12:32:04+00:00,1017.0
2020-08-18T14:55:48+00:00,1011.0
2020-08-18T15:52:55+00:00,1012.0
2020-08-18T19:44:33+00:00,1010.0
2020-08-19T10:57:16+00:00,1004.0
2020-08-19T11:29:52+00:00,1003.0
2020-08-19T14:55:25+00:00,998.0
2020-08-19T15:34:39+00:00,993.0
2020-08-19T17:38:39+00:00,995.0
2020-08-19T18:17:03+00:00,989.0
2020-08-19T19:49:41+00:00,985.0
2020-08-20T10:35:01+00:00,974.0
2020-08-20T12:05:57+00:00,980.0
2020-08-20T15:19:42+00:00,980.0
2020-08-20T17:24:36+00:00,978.0
2020-08-21T10:17:41+00:00,978.0
2020-08-21T12:18:02+00:00,971.0
2020-08-21T12:31:41+00:00,974.0
2020-08-21T12:31:58+00:00,975.0
2020-08-21T12:40:24+00:00,977.0
2020-08-21T12:58:04+00:00,980.0
2020-08-21T12:58:28+00:00,980.0
2020-08-21T14:10:47+00:00,974.0
2020-08-21T14:13:23+00:00,975.0
2020-08-21T15:23:01+00:00,982.0
2020-08-21T16:46:03+00:00,977.0
2020-08-21T20:39:36+00:00,980.0
2020-08-22T12:03:55+00:00,980.0
2020-08-23T13:08:47+00:00,978.0
2020-08-24T09:36:34+00:00,980.0
2020-08-24T12:22:30+00:00,982.0
2020-08-24T15:07:11+00:00,975.0
2020-08-24T16:37:58+00:00,974.0
2020-08-25T09:35:01+00:00,969.0
2020-08-25T14:03:16+00:00,967.0
2020-08-25T17:11:01+00:00,963.0
2020-08-26T12:39:19+00:00,959.0
2020-08-26T13:40:01+00:00,967.0
2020-08-26T13:44:59+00:00,968.0
2020-08-26T15:24:35+00:00,971.0
2020-08-26T15:55:18+00:00,975.0
2020-08-26T19:00:07+00:00,977.0
2020-08-26T19:25:51+00:00,978.0
2020-08-27T12:07:31+00:00,974.0
2020-08-27T12:37:24+00:00,971.0
2020-08-27T13:10:04+00:00,974.0
2020-08-27T13:16:34+00:00,980.0
2020-08-27T13:16:53+00:00,985.0
2020-08-27T13:20:36+00:00,989.0
2020-08-27T13:58:35+00:00,974.0
2020-08-27T14:24:34+00:00,971.0
2020-08-27T14:57:18+00:00,966.0
2020-08-27T15:10:05+00:00,968.0
2020-08-27T16:10:52+00:00,971.0
2020-08-27T16:47:55+00:00,969.0
2020-08-28T10:43:15+00:00,980.0
2020-08-28T11:39:51+00:00,983.0
2020-08-28T12:44:47+00:00,980.0
2020-08-28T16:03:48+00:00,987.0
2020-08-28T18:17:12+00:00,983.0
2020-08-28T18:41:47+00:00,985.0
2020-08-29T11:01:02+00:00,984.0
2020-08-30 00:00:00,984.0
2020-08-31T09:45:08+00:00,985.0
2020-08-31T12:01:55+00:00,986.0
2020-09-01T08:51:49+00:00,999.0
2020-09-01T12:14:48+00:00,998.0
2020-09-01T13:44:34+00:00,995.0
2020-09-01T14:16:30+00:00,992.0
2020-09-02T08:26:32+00:00,989.0
2020-09-02T12:12:19+00:00,985.0
2020-09-02T13:54:00+00:00,980.0
2020-09-02T15:01:15+00:00,978.0
2020-09-02T16:14:08+00:00,977.0
2020-09-02T16:39:30+00:00,974.0
2020-09-02T16:39:54+00:00,975.0
2020-09-03T10:00:03+00:00,969.0
2020-09-03T13:23:48+00:00,971.0
2020-09-03T15:25:52+00:00,968.0
2020-09-04T11:12:23+00:00,969.0
2020-09-04T12:28:09+00:00,971.0
2020-09-04T13:18:01+00:00,967.0
2020-09-05T10:56:07+00:00,968.0
2020-09-05T10:56:59+00:00,969.0
2020-09-06 00:00:00,969.0
2020-09-07T10:39:59+00:00,963.0
2020-09-08T09:35:03+00:00,961.0
2020-09-08T13:30:24+00:00,955.0
2020-09-08T15:26:32+00:00,961.0
2020-09-08T17:29:27+00:00,967.0
2020-09-09T10:23:32+00:00,963.0
2020-09-09T13:39:35+00:00,969.0
2020-09-09T14:38:43+00:00,971.0
2020-09-10T09:24:28+00:00,971.0
2020-09-10T11:11:24+00:00,974.0
2020-09-10T12:34:29+00:00,975.0
2020-09-10T13:17:20+00:00,978.0
2020-09-11T11:45:45+00:00,971.0
2020-09-12 00:00:00,971.0
2020-09-13T16:38:17+00:00,967.0
2020-09-14T10:25:34+00:00,968.0
2020-09-14T13:13:55+00:00,975.0
2020-09-14T14:17:06+00:00,977.0
2020-09-15T10:39:44+00:00,980.0
2020-09-15T11:32:09+00:00,984.0
2020-09-15T13:43:05+00:00,980.0
2020-09-15T15:10:53+00:00,977.0
2020-09-16T08:45:26+00:00,983.0
2020-09-16T10:04:00+00:00,980.0
2020-09-16T13:38:21+00:00,983.0
2020-09-16T19:50:36+00:00,977.0
2020-09-17T09:33:22+00:00,969.0
2020-09-17T11:52:50+00:00,971.0
2020-09-17T17:26:29+00:00,969.0
2020-09-18T09:44:56+00:00,974.0
2020-09-19T11:29:32+00:00,971.0
2020-09-20 00:00:00,971.0
2020-09-21T11:04:16+00:00,963.0
2020-09-21T13:31:51+00:00,958.0
2020-09-21T14:49:19+00:00,945.0
2020-09-21T18:55:15+00:00,951.0
2020-09-22T10:26:18+00:00,948.0
2020-09-22T10:56:56+00:00,951.0
2020-09-22T13:25:12+00:00,955.0
2020-09-23T10:12:48+00:00,944.0
2020-09-23T10:57:04+00:00,947.0
2020-09-23T14:08:32+00:00,940.0
2020-09-23T16:32:33+00:00,937.0
2020-09-24T09:39:28+00:00,929.0
2020-09-24T12:34:12+00:00,931.0
2020-09-24T13:18:52+00:00,929.0
2020-09-24T14:34:54+00:00,931.0
2020-09-24T16:05:47+00:00,937.0
2020-09-24T20:17:42+00:00,937.0
2020-09-25T08:58:05+00:00,937.0
2020-09-25T10:59:48+00:00,931.0
2020-09-25T12:04:30+00:00,931.0
2020-09-26 00:00:00,931.0
2020-09-27 00:00:00,931.0
2020-09-28T08:27:50+00:00,929.0
2020-09-28T13:54:24+00:00,937.0
2020-09-28T14:52:00+00:00,934.0
2020-09-28T15:43:51+00:00,936.0
2020-09-28T18:09:34+00:00,937.0
2020-09-29T09:54:57+00:00,940.0
2020-09-29T11:27:53+00:00,945.0
2020-09-29T11:51:43+00:00,943.0
2020-09-29T14:24:39+00:00,945.0
2020-09-29T16:55:39+00:00,947.0
2020-09-30T09:12:00+00:00,943.0
2020-09-30T13:05:24+00:00,947.0
2020-09-30T14:06:29+00:00,944.0
2020-09-30T15:27:55+00:00,948.0
2020-09-30T17:50:56+00:00,946.0
2020-10-01T12:55:06+00:00,951.0
2020-10-02T09:26:15+00:00,951.0
2020-10-03T13:21:49+00:00,948.0
2020-10-04 00:00:00,948.0
2020-10-05T09:26:36+00:00,946.0
2020-10-05T14:42:28+00:00,951.0
2020-10-06T12:35:58+00:00,955.0
2020-10-06T19:33:34+00:00,944.0
2020-10-06T21:26:11+00:00,937.0
2020-10-07T08:47:57+00:00,943.0
2020-10-07T11:25:00+00:00,937.0
2020-10-08T10:06:56+00:00,940.0
2020-10-08T13:30:16+00:00,943.0
2020-10-09T08:58:44+00:00,951.0
2020-10-09T13:57:54+00:00,954.0
2020-10-09T14:16:18+00:00,956.0
2020-10-10 00:00:00,956.0
2020-10-11 00:00:00,956.0
2020-10-12T09:48:56+00:00,954.0
2020-10-13T12:15:38+00:00,954.0
2020-10-13T15:27:19+00:00,940.0
2020-10-14T08:55:26+00:00,943.0
2020-10-14T12:30:04+00:00,944.0
2020-10-14T13:34:24+00:00,946.0
2020-10-14T13:59:24+00:00,948.0
2020-10-15T12:56:24+00:00,943.0
2020-10-16T11:05:14+00:00,948.0
2020-10-17T11:25:32+00:00,943.0
2020-10-18 00:00:00,943.0
2020-10-19T09:20:56+00:00,948.0
2020-10-19T11:29:42+00:00,951.0
2020-10-19T12:18:51+00:00,953.0
2020-10-19T13:53:15+00:00,948.0
2020-10-20T09:39:32+00:00,948.0
2020-10-20T16:12:34+00:00,951.0
2020-10-21T09:08:42+00:00,954.0
2020-10-21T12:45:04+00:00,956.0
2020-10-21T14:11:10+00:00,959.0
2020-10-21T14:48:27+00:00,961.0
2020-10-22T09:30:09+00:00,958.0
2020-10-22T10:01:27+00:00,955.0
2020-10-22T20:18:54+00:00,951.0
2020-10-23T11:48:33+00:00,953.0
2020-10-23T15:38:20+00:00,947.0
2020-10-24T09:33:47+00:00,948.0
2020-10-25 00:00:00,948.0
2020-10-26T09:58:52+00:00,948.0
2020-10-27T09:15:02+00:00,948.0
2020-10-28T10:39:05+00:00,948.0
2020-10-28T12:07:15+00:00,945.0
2020-10-28T12:43:43+00:00,943.0
2020-10-28T12:50:33+00:00,940.0
2020-10-29T10:02:44+00:00,940.0
2020-10-30T09:23:35+00:00,937.0
2020-10-30T12:44:43+00:00,940.0
2020-10-30T13:02:11+00:00,943.0
2020-10-30T17:03:48+00:00,940.0
2020-10-31 00:00:00,940.0
2020-11-01 00:00:00,940.0
2020-11-02T11:12:18+00:00,943.0
2020-11-02T12:29:22+00:00,945.0
2020-11-03T09:48:41+00:00,947.0
2020-11-03T11:59:29+00:00,948.0
2020-11-04T10:14:46+00:00,946.0
2020-11-04T12:11:25+00:00,951.0
2020-11-04T13:26:15+00:00,953.0
2020-11-05T09:14:10+00:00,956.0
2020-11-05T09:44:32+00:00,959.0
2020-11-05T15:10:25+00:00,961.0
2020-11-05T15:21:00+00:00,963.0
2020-11-05T15:21:17+00:00,966.0
2020-11-05T16:15:10+00:00,967.0
2020-11-06T11:12:52+00:00,971.0
2020-11-06T14:22:46+00:00,974.0
2020-11-06T14:56:18+00:00,971.0
2020-11-06T15:00:31+00:00,967.0
2020-11-07T10:03:02+00:00,971.0
2020-11-08 00:00:00,971.0
2020-11-09T13:12:22+00:00,954.0
2020-11-09T13:42:43+00:00,943.0
2020-11-09T15:18:12+00:00,937.0
2020-11-09T15:26:05+00:00,936.0
2020-11-09T15:27:25+00:00,934.0
2020-11-09T17:04:01+00:00,929.0
2020-11-10T10:09:37+00:00,937.0
2020-11-11T13:21:40+00:00,934.0
2020-11-12T17:03:45+00:00,937.0
2020-11-13T12:25:02+00:00,940.0
2020-11-13T14:11:07+00:00,943.0
2020-11-14 00:00:00,943.0
2020-11-15 00:00:00,943.0
2020-11-16T10:55:00+00:00,943.0
2020-11-16T12:32:45+00:00,935.0
2020-11-16T13:57:08+00:00,937.0
2020-11-17 00:00:00,937.0
2020-11-18T09:33:43+00:00,935.0
2020-11-18T10:44:53+00:00,931.0
2020-11-18T15:38:55+00:00,936.0
2020-11-19T09:31:13+00:00,928.0
2020-11-19T10:36:05+00:00,926.0
2020-11-20T14:58:16+00:00,931.0
2020-11-21 00:00:00,931.0
2020-11-22 00:00:00,931.0
2020-11-23T10:51:58+00:00,927.0
2020-11-23T15:04:20+00:00,921.0
2020-11-23T15:04:35+00:00,918.0
2020-11-23T16:40:33+00:00,912.0
2020-11-24T10:11:18+00:00,907.0
2020-11-24T10:54:14+00:00,904.0
2020-11-24T10:56:14+00:00,902.0
2020-11-25T15:50:05+00:00,902.0
2020-11-26T08:58:10+00:00,903.0
2020-11-27T11:00:19+00:00,900.0
2020-11-27T14:02:51+00:00,888.0
2020-11-27T14:17:59+00:00,886.0
2020-11-28 00:00:00,886.0
2020-11-29T11:41:53+00:00,889.0
2020-11-30T09:53:05+00:00,886.0
2020-11-30T13:52:22+00:00,881.0
2020-11-30T15:18:41+00:00,886.0
2020-12-01T13:35:08+00:00,900.0
2020-12-02T09:40:33+00:00,907.0
2020-12-02T09:57:02+00:00,908.0
2020-12-02T11:30:52+00:00,911.0
2020-12-02T20:37:06+00:00,912.0
2020-12-03T08:47:07+00:00,914.0
2020-12-03T12:39:12+00:00,918.0
2020-12-04T13:11:31+00:00,917.0
2020-12-05 00:00:00,917.0
2020-12-06 00:00:00,917.0
2020-12-07T10:28:56+00:00,910.0
2020-12-07T14:53:04+00:00,918.0
2020-12-07T15:06:32+00:00,921.0
2020-12-08T09:05:55+00:00,923.0
2020-12-08T14:38:29+00:00,928.0
2020-12-09T09:41:14+00:00,926.0
2020-12-09T11:59:02+00:00,923.0
2020-12-09T19:28:41+00:00,914.0
2020-12-10T11:03:20+00:00,917.0
2020-12-10T14:03:44+00:00,920.0
2020-12-11T11:02:53+00:00,917.0
2020-12-11T11:29:15+00:00,914.0
2020-12-12T09:30:34+00:00,918.0
2020-12-13 00:00:00,918.0
2020-12-14T08:44:28+00:00,914.0
2020-12-15T10:52:27+00:00,921.0
2020-12-15T13:53:59+00:00,926.0
2020-12-16 00:00:00,926.0
2020-12-17T10:20:23+00:00,935.0
2020-12-17T12:17:07+00:00,936.0
2020-12-17T12:57:21+00:00,937.0
2020-12-17T13:53:21+00:00,940.0
2020-12-17T14:03:09+00:00,940.0
2020-12-18T11:57:56+00:00,940.0
2020-12-18T12:10:24+00:00,940.0
2020-12-19T12:22:55+00:00,937.0
2020-12-20 00:00:00,937.0
2020-12-21 00:00:00,937.0
2020-12-22T11:57:14+00:00,934.0
2020-12-22T16:04:29+00:00,930.0
2020-12-23T09:51:29+00:00,931.0
2020-12-24 00:00:00,931.0
2020-12-25 00:00:00,931.0
2020-12-26T10:24:44+00:00,935.0
2020-12-27 00:00:00,935.0
2020-12-28T11:58:04+00:00,934.0
2020-12-28T14:41:28+00:00,940.0
2020-12-29T11:13:02+00:00,936.0
2020-12-30 00:00:00,936.0
2020-12-31T13:20:27+00:00,944.0
2021-01-01T09:36:02+00:00,945.0
2021-01-01T10:50:45+00:00,946.0
2021-01-02T09:36:31+00:00,945.0
2021-01-03 00:00:00,945.0
2021-01-04T10:28:57+00:00,959.0
2021-01-04T13:45:07+00:00,963.0
2021-01-05T13:09:28+00:00,966.0
2021-01-06T10:34:15+00:00,969.0
2021-01-06T12:01:47+00:00,966.0
2021-01-06T12:46:22+00:00,959.0
2021-01-06T19:35:54+00:00,951.0
2021-01-07 00:00:00,951.0
2021-01-08T11:26:36+00:00,943.0
2021-01-09T12:34:46+00:00,926.0
2021-01-10 00:00:00,926.0
2021-01-11T12:45:34+00:00,923.0
2021-01-11T13:27:18+00:00,921.0
2021-01-11T13:53:13+00:00,920.0
2021-01-11T15:40:27+00:00,923.0
2021-01-12T11:21:09+00:00,928.0
2021-01-12T14:57:36+00:00,920.0
2021-01-13T14:30:46+00:00,923.0
2021-01-14T12:30:25+00:00,921.0
2021-01-14T16:41:20+00:00,923.0
2021-01-15T11:00:27+00:00,926.0
2021-01-15T13:06:38+00:00,923.0
2021-01-15T14:17:30+00:00,921.0
2021-01-15T17:18:39+00:00,918.0
2021-01-16 00:00:00,918.0
2021-01-17T16:18:22+00:00,915.0
2021-01-18T12:24:55+00:00,917.0
2021-01-19T14:21:26+00:00,920.0
2021-01-19T15:15:50+00:00,919.0
2021-01-19T18:00:46+00:00,921.0
2021-01-20T12:52:08+00:00,923.0
2021-01-20T14:34:38+00:00,929.0
2021-01-20T15:39:51+00:00,931.0
2021-01-20T15:50:06+00:00,934.0
2021-01-20T16:13:59+00:00,931.0
2021-01-21T13:04:31+00:00,932.0
2021-01-21T13:08:43+00:00,934.0
2021-01-22T12:44:10+00:00,923.0
2021-01-22T17:13:59+00:00,928.0
2021-01-23T10:46:37+00:00,928.0
2021-01-24 00:00:00,928.0
2021-01-25T09:33:17+00:00,928.0
2021-01-25T11:11:10+00:00,931.0
2021-01-26T12:35:33+00:00,929.0
2021-01-27T09:45:18+00:00,926.0
2021-01-27T12:15:19+00:00,923.0
2021-01-27T15:09:20+00:00,926.0
2021-01-28T14:29:18+00:00,930.0
2021-01-28T18:25:53+00:00,923.0
2021-01-28T19:05:32+00:00,926.0
2021-01-29T09:43:45+00:00,927.0
2021-01-29T11:44:34+00:00,931.0
2021-01-29T14:11:18+00:00,936.0
2021-01-29T15:49:21+00:00,930.0
2021-01-29T16:13:22+00:00,931.0
2021-01-30 00:00:00,931.0
2021-01-31 00:00:00,931.0
2021-02-01T12:15:19+00:00,934.0
2021-02-02T09:21:22+00:00,927.0
2021-02-02T11:39:39+00:00,926.0
2021-02-02T16:46:03+00:00,923.0
2021-02-03T09:06:40+00:00,923.0
2021-02-04T09:23:00+00:00,914.0
2021-02-04T11:27:07+00:00,911.0
2021-02-04T12:58:25+00:00,912.0
2021-02-04T13:15:59+00:00,913.0
2021-02-04T14:21:55+00:00,903.0
2021-02-04T15:54:59+00:00,900.0
2021-02-04T16:54:29+00:00,902.0
2021-02-05T09:39:16+00:00,907.0
2021-02-05T10:00:00+00:00,907.0
2021-02-05T12:26:18+00:00,906.0
2021-02-05T14:10:10+00:00,904.0
2021-02-05T17:32:37+00:00,910.0
2021-02-06T10:13:17+00:00,908.0
2021-02-07 00:00:00,908.0
2021-02-08T12:28:05+00:00,911.0
2021-02-08T14:15:45+00:00,917.0
2021-02-08T14:43:08+00:00,915.0
2021-02-09T10:51:04+00:00,919.0
2021-02-09T17:16:41+00:00,917.0
2021-02-09T19:19:41+00:00,914.0
2021-02-10T12:42:33+00:00,917.0
2021-02-10T14:39:44+00:00,918.0
2021-02-10T19:58:32+00:00,918.0
2021-02-11T11:17:59+00:00,912.0
2021-02-11T12:02:20+00:00,914.0
2021-02-11T18:48:07+00:00,911.0
2021-02-12T12:15:19+00:00,906.0
2021-02-12T16:52:14+00:00,908.0
2021-02-13T11:14:47+00:00,907.0
2021-02-14T12:25:15+00:00,908.0
2021-02-15T11:37:03+00:00,907.0
2021-02-16T10:23:04+00:00,908.0
2021-02-16T12:51:34+00:00,904.0
2021-02-16T14:00:53+00:00,900.0
2021-02-16T14:18:00+00:00,898.0
2021-02-16T15:23:24+00:00,900.0
2021-02-16T15:38:29+00:00,903.0
2021-02-16T18:03:05+00:00,898.0
2021-02-17T09:20:40+00:00,893.0
2021-02-17T13:33:27+00:00,890.0
2021-02-17T13:59:45+00:00,893.0
2021-02-17T18:39:39+00:00,889.0
2021-02-17T19:07:34+00:00,890.0
2021-02-18T10:44:31+00:00,894.0
2021-02-18T15:34:53+00:00,889.0
2021-02-18T19:21:01+00:00,890.0
2021-02-19T09:52:36+00:00,890.0
2021-02-19T14:47:35+00:00,894.0
2021-02-20 00:00:00,894.0
2021-02-21 00:00:00,894.0
2021-02-22T16:54:42+00:00,904.0
2021-02-23T09:08:30+00:00,903.0
2021-02-23T17:31:55+00:00,904.0
2021-02-24T09:06:51+00:00,903.0
2021-02-24T14:12:32+00:00,900.0
2021-02-24T14:39:30+00:00,897.0
2021-02-25T11:29:21+00:00,900.0
2021-02-25T11:42:45+00:00,897.0
2021-02-25T15:36:38+00:00,893.0
2021-02-25T16:20:06+00:00,893.0
2021-02-26T10:18:15+00:00,887.0
2021-02-26T11:39:40+00:00,886.0
2021-02-26T12:21:01+00:00,886.0
2021-02-26T13:25:43+00:00,887.0
2021-02-26T15:12:47+00:00,880.0
2021-02-26T16:10:28+00:00,877.0
2021-02-26T18:05:08+00:00,874.0
2021-02-27T10:19:02+00:00,875.0
2021-02-27T14:18:16+00:00,878.0
2021-02-28 00:00:00,878.0
2021-03-01T12:44:17+00:00,877.0
2021-03-01T13:36:14+00:00,875.0
2021-03-01T14:14:32+00:00,877.0
2021-03-01T14:40:31+00:00,878.0
2021-03-01T17:40:57+00:00,874.0
2021-03-02 00:00:00,874.0
2021-03-03T12:58:31+00:00,869.0
2021-03-03T13:31:04+00:00,864.0
2021-03-04 00:00:00,864.0
2021-03-05T10:17:42+00:00,855.0
2021-03-05T11:44:03+00:00,857.0
2021-03-06 00:00:00,857.0
2021-03-07 00:00:00,857.0
2021-03-08T12:35:36+00:00,855.0
2021-03-08T16:57:31+00:00,852.0
2021-03-09T13:22:44+00:00,860.0
2021-03-09T14:43:19+00:00,863.0
2021-03-09T18:02:04+00:00,865.0
2021-03-10T14:49:59+00:00,866.0
2021-03-10T19:32:54+00:00,871.0
2021-03-11T08:30:57+00:00,877.0
2021-03-11T13:54:13+00:00,874.0
2021-03-11T14:29:37+00:00,871.0
2021-03-12T11:32:27+00:00,863.0
2021-03-12T16:57:27+00:00,869.0
2021-03-13T10:35:55+00:00,874.0
2021-03-14 00:00:00,874.0
2021-03-15T09:59:23+00:00,874.0
2021-03-15T13:34:02+00:00,875.0
2021-03-16T12:50:45+00:00,874.0
2021-03-17 00:00:00,874.0
2021-03-18T13:11:12+00:00,871.0
2021-03-19 00:00:00,871.0
2021-03-20T11:17:54+00:00,877.0
2021-03-21 00:00:00,877.0
2021-03-22T10:05:14+00:00,874.0
2021-03-23T09:11:02+00:00,875.0
2021-03-24 00:00:00,875.0
2021-03-25T09:20:15+00:00,874.0
2021-03-26T11:04:14+00:00,871.0
2021-03-27 00:00:00,871.0
2021-03-28 00:00:00,871.0
2021-03-29T10:38:30+00:00,871.0
2021-03-29T13:30:03+00:00,869.0
2021-03-29T13:46:08+00:00,863.0
2021-03-30T11:43:39+00:00,849.0
2021-03-30T12:43:46+00:00,847.0
2021-03-30T13:18:50+00:00,849.0
2021-03-31T12:56:37+00:00,849.0
2021-03-31T14:34:41+00:00,854.0
2021-03-31T15:24:14+00:00,855.0
2021-03-31T16:12:07+00:00,857.0
2021-03-31T17:09:26+00:00,859.0
2021-04-01T16:18:10+00:00,863.0
2021-04-02 00:00:00,863.0
2021-04-03T10:54:43+00:00,866.0
2021-04-04 00:00:00,866.0
2021-04-05T11:27:21+00:00,864.0
2021-04-06T12:26:57+00:00,866.0
2021-04-06T14:30:09+00:00,869.0
2021-04-07T10:57:42+00:00,866.0
2021-04-07T14:15:57+00:00,869.0
2021-04-08T14:13:29+00:00,874.0
2021-04-09T11:33:15+00:00,871.0
2021-04-09T12:44:55+00:00,869.0
2021-04-09T13:16:11+00:00,866.0
2021-04-09T14:57:22+00:00,871.0
2021-04-10 00:00:00,871.0
2021-04-11 00:00:00,871.0
2021-04-12T10:58:59+00:00,869.0
2021-04-12T17:18:15+00:00,866.0
2021-04-13 00:00:00,866.0
2021-04-14T09:34:57+00:00,871.0
2021-04-15T12:21:42+00:00,871.0
2021-04-15T14:16:42+00:00,875.0
2021-04-16T11:44:09+00:00,881.0
2021-04-17 00:00:00,881.0
2021-04-18 00:00:00,881.0
2021-04-19T09:09:57+00:00,888.0
2021-04-19T10:25:36+00:00,890.0
2021-04-19T13:36:09+00:00,886.0
2021-04-20 00:00:00,886.0
2021-04-21T13:55:35+00:00,893.0
2021-04-21T14:18:09+00:00,890.0
2021-04-22 00:00:00,890.0
2021-04-23T12:28:03+00:00,894.0
2021-04-24 00:00:00,894.0
2021-04-25 00:00:00,894.0
2021-04-26 00:00:00,894.0
2021-04-27 00:00:00,894.0
2021-04-28 00:00:00,894.0
2021-04-29T10:12:09+00:00,888.0
2021-04-30 00:00:00,888.0
2021-05-01 00:00:00,888.0
2021-05-02 00:00:00,888.0
2021-05-03 00:00:00,888.0
2021-05-04T17:26:22+00:00,888.0
2021-05-05T14:16:45+00:00,889.0
2021-05-06 00:00:00,889.0
2021-05-07T10:28:52+00:00,902.0
2021-05-07T12:47:57+00:00,906.0
2021-05-07T15:27:48+00:00,904.0
2021-05-08 00:00:00,904.0
2021-05-09T08:32:22+00:00,905.0
2021-05-10T13:35:29+00:00,907.0
2021-05-11T11:40:07+00:00,906.0
2021-05-11T13:36:27+00:00,900.0
2021-05-11T14:04:39+00:00,903.0
2021-05-11T14:28:22+00:00,904.0
2021-05-11T17:33:46+00:00,905.0
2021-05-12 00:00:00,905.0
2021-05-13 00:00:00,905.0
2021-05-14T11:35:13+00:00,904.0
2021-05-15T13:40:00+00:00,906.0
2021-05-16 00:00:00,906.0
2021-05-17T13:52:42+00:00,910.0
2021-05-17T14:45:56+00:00,912.0
2021-05-17T15:26:48+00:00,913.0
2021-05-18T12:09:32+00:00,914.0
2021-05-19T11:30:46+00:00,910.0
2021-05-19T13:58:28+00:00,920.0
2021-05-20T11:10:15+00:00,914.0
2021-05-20T14:21:27+00:00,918.0
2021-05-21T10:35:01+00:00,919.0
2021-05-21T13:46:56+00:00,923.0
2021-05-21T19:29:08+00:00,921.0
2021-05-22T11:17:59+00:00,923.0
2021-05-23 00:00:00,923.0
2021-05-24T09:46:58+00:00,923.0
2021-05-24T12:32:17+00:00,926.0
2021-05-25T14:15:09+00:00,928.0
2021-05-25T14:39:38+00:00,927.0
2021-05-25T19:09:50+00:00,930.0
2021-05-26T08:57:51+00:00,934.0
2021-05-26T12:46:06+00:00,935.0
2021-05-26T14:04:31+00:00,932.0
2021-05-26T17:54:48+00:00,930.0
2021-05-27T14:53:27+00:00,928.0
2021-05-28T11:12:04+00:00,929.0
2021-05-28T13:45:41+00:00,930.0
2021-05-28T18:39:30+00:00,931.0
2021-05-29T14:32:14+00:00,934.0
2021-05-30 00:00:00,934.0
2021-05-31T09:40:08+00:00,935.0
2021-06-01T10:58:37+00:00,934.0
2021-06-01T11:54:48+00:00,935.0
2021-06-01T15:15:02+00:00,931.0
2021-06-02T08:51:24+00:00,931.0
2021-06-03T09:12:18+00:00,928.0
2021-06-03T13:32:54+00:00,923.0
2021-06-03T14:05:39+00:00,920.0
2021-06-03T15:02:45+00:00,921.0
2021-06-04T11:43:25+00:00,919.0
2021-06-04T14:04:25+00:00,926.0
2021-06-05T09:16:51+00:00,926.0
2021-06-06 00:00:00,926.0
2021-06-07T12:26:27+00:00,923.0
2021-06-07T17:18:40+00:00,928.0
2021-06-08T12:16:15+00:00,930.0
2021-06-08T13:40:12+00:00,927.0
2021-06-09T10:11:54+00:00,927.0
2021-06-09T13:09:08+00:00,928.0
2021-06-10T08:08:11+00:00,922.0
2021-06-10T09:18:24+00:00,923.0
2021-06-11T08:58:39+00:00,928.0
2021-06-11T12:25:52+00:00,926.0
2021-06-11T14:45:38+00:00,922.0
2021-06-12 00:00:00,922.0
2021-06-13 00:00:00,922.0
2021-06-14T10:20:39+00:00,913.0
2021-06-14T12:09:14+00:00,911.0
2021-06-14T13:03:51+00:00,908.0
2021-06-14T13:42:01+00:00,911.0
2021-06-14T14:11:33+00:00,914.0
2021-06-15T16:19:19+00:00,911.0
2021-06-15T16:51:56+00:00,910.0
2021-06-15T17:43:28+00:00,911.0
2021-06-16T10:55:39+00:00,910.0
2021-06-16T11:35:45+00:00,908.0
2021-06-16T18:08:47+00:00,911.0
2021-06-16T18:10:43+00:00,907.0
2021-06-16T18:13:35+00:00,906.0
2021-06-16T18:15:15+00:00,905.0
2021-06-16T18:20:22+00:00,903.0
2021-06-16T18:31:58+00:00,905.0
2021-06-16T20:28:48+00:00,900.0
2021-06-16T20:38:13+00:00,897.0
2021-06-16T20:50:33+00:00,893.0
2021-06-16T21:02:38+00:00,893.0
2021-06-17T09:23:19+00:00,889.0
2021-06-17T10:47:39+00:00,886.0
2021-06-17T11:20:22+00:00,883.0
2021-06-17T11:52:54+00:00,880.0
2021-06-17T12:24:52+00:00,878.0
2021-06-17T14:06:29+00:00,877.0
2021-06-17T15:17:05+00:00,875.0
2021-06-17T15:43:13+00:00,874.0
2021-06-17T15:58:14+00:00,875.0
2021-06-18T10:51:52+00:00,881.0
2021-06-18T12:04:57+00:00,882.0
2021-06-18T13:16:25+00:00,878.0
2021-06-18T17:30:19+00:00,874.0
2021-06-18T18:26:53+00:00,875.0
2021-06-19 00:00:00,875.0
2021-06-20 00:00:00,875.0
2021-06-21T14:04:22+00:00,877.0
2021-06-21T17:04:36+00:00,880.0
2021-06-22 00:00:00,880.0
2021-06-23T13:57:37+00:00,887.0
2021-06-23T19:44:21+00:00,882.0
2021-06-24 00:00:00,882.0
2021-06-25T12:58:55+00:00,887.0
2021-06-25T14:24:16+00:00,888.0
2021-06-25T15:17:43+00:00,886.0
2021-06-26T11:31:45+00:00,888.0
2021-06-26T18:24:39+00:00,889.0
2021-06-27 00:00:00,889.0
2021-06-28T12:38:35+00:00,889.0
2021-06-29T11:39:03+00:00,889.0
2021-06-29T12:44:45+00:00,886.0
2021-06-29T12:54:18+00:00,883.0
2021-06-29T18:18:26+00:00,886.0
2021-06-30T11:12:58+00:00,883.0
2021-06-30T16:51:19+00:00,887.0
2021-07-01T12:12:36+00:00,888.0
2021-07-01T13:26:22+00:00,889.0
2021-07-01T17:02:40+00:00,887.0
2021-07-02T10:18:34+00:00,888.0
2021-07-02T11:35:07+00:00,890.0
2021-07-03T11:34:28+00:00,891.0
2021-07-04 00:00:00,891.0
2021-07-05 00:00:00,891.0
2021-07-06T09:50:55+00:00,900.0
2021-07-06T17:04:20+00:00,897.0
2021-07-07T08:52:00+00:00,898.0
2021-07-07T09:35:05+00:00,900.0
2021-07-07T18:46:29+00:00,897.0
2021-07-08T10:02:07+00:00,900.0
2021-07-09T11:45:00+00:00,897.0
2021-07-10 00:00:00,897.0
2021-07-11 00:00:00,897.0
2021-07-12T09:42:06+00:00,900.0
2021-07-13T09:36:07+00:00,900.0
2021-07-14T10:31:35+00:00,903.0
2021-07-14T12:14:09+00:00,906.0
2021-07-14T12:34:58+00:00,907.0
2021-07-15T10:47:10+00:00,910.0
2021-07-16T11:36:01+00:00,907.0
2021-07-17T09:27:10+00:00,905.0
2021-07-18 00:00:00,905.0
2021-07-19T11:24:45+00:00,902.0
2021-07-20T13:00:20+00:00,906.0
2021-07-20T15:02:16+00:00,904.0
2021-07-21T12:44:39+00:00,900.0
2021-07-22T10:32:06+00:00,900.0
2021-07-22T13:02:52+00:00,902.0
2021-07-22T15:43:11+00:00,903.0
2021-07-23T13:07:57+00:00,902.0
2021-07-24T12:32:26+00:00,902.0
2021-07-25 00:00:00,902.0
2021-07-26T12:16:46+00:00,902.0
2021-07-27T11:25:28+00:00,900.0
2021-07-28T13:28:01+00:00,902.0
2021-07-29T10:51:06+00:00,907.0
2021-07-29T11:23:28+00:00,910.0
2021-07-29T12:41:22+00:00,910.0
2021-07-29T14:26:46+00:00,911.0
2021-07-29T15:40:24+00:00,912.0
2021-07-30T09:03:25+00:00,911.0
2021-07-30T16:20:43+00:00,908.0
2021-07-31 00:00:00,908.0
2021-08-01 00:00:00,908.0
2021-08-02T12:44:25+00:00,906.0
2021-08-03T12:46:47+00:00,906.0
2021-08-04T12:22:27+00:00,910.0
2021-08-05T12:14:35+00:00,907.0
2021-08-05T15:33:46+00:00,905.0
2021-08-06T12:07:30+00:00,902.0
2021-08-06T12:15:31+00:00,903.0
2021-08-06T12:52:20+00:00,894.0
2021-08-06T13:03:17+00:00,893.0
2021-08-06T13:52:40+00:00,890.0
2021-08-06T14:12:45+00:00,888.0
2021-08-07 00:00:00,888.0
2021-08-08 00:00:00,888.0
2021-08-09T10:42:40+00:00,875.0
2021-08-09T12:47:18+00:00,875.0
2021-08-09T15:38:53+00:00,871.0
2021-08-10T13:56:18+00:00,869.0
2021-08-10T13:59:46+00:00,866.0
2021-08-10T17:14:25+00:00,871.0
2021-08-11T10:06:13+00:00,871.0
2021-08-11T12:12:57+00:00,875.0
2021-08-11T12:50:00+00:00,877.0
2021-08-11T12:52:11+00:00,878.0
2021-08-11T13:15:12+00:00,875.0
2021-08-11T15:47:22+00:00,878.0
2021-08-11T16:00:16+00:00,880.0
2021-08-12T09:56:42+00:00,883.0
2021-08-12T14:29:52+00:00,880.0
2021-08-12T18:11:13+00:00,881.0
2021-08-13T10:47:10+00:00,886.0
2021-08-13T14:18:42+00:00,891.0
2021-08-13T19:32:35+00:00,893.0
2021-08-14 00:00:00,893.0
2021-08-15 00:00:00,893.0
2021-08-16T10:21:47+00:00,894.0
2021-08-16T11:51:34+00:00,893.0
2021-08-16T14:10:48+00:00,894.0
2021-08-17T10:44:10+00:00,898.0
2021-08-18 00:00:00,898.0
2021-08-19T10:50:35+00:00,897.0
2021-08-20 00:00:00,897.0
2021-08-21T15:53:24+00:00,894.0
2021-08-22 00:00:00,894.0
2021-08-23T12:37:23+00:00,900.0
2021-08-23T13:13:58+00:00,902.0
2021-08-23T14:45:56+00:00,903.0
2021-08-23T21:22:30+00:00,904.0
2021-08-24 00:00:00,904.0
2021-08-25T11:59:00+00:00,900.0
2021-08-25T15:07:29+00:00,897.0
2021-08-26T10:09:04+00:00,897.0
2021-08-27T13:35:57+00:00,897.0
2021-08-27T14:22:41+00:00,900.0
2021-08-27T14:50:39+00:00,902.0
2021-08-27T15:49:54+00:00,903.0
2021-08-27T17:41:48+00:00,905.0
2021-08-28 00:00:00,905.0
2021-08-29T22:05:37+00:00,905.0
2021-08-30T10:02:28+00:00,905.0
2021-08-30T14:42:31+00:00,904.0
2021-08-31 00:00:00,904.0
2021-09-01 00:00:00,904.0
2021-09-02T14:19:53+00:00,900.0
2021-09-03T12:38:32+00:00,905.0
2021-09-03T14:44:43+00:00,906.0
2021-09-04T14:32:50+00:00,904.0
2021-09-05 00:00:00,904.0
2021-09-06T17:21:40+00:00,902.0
2021-09-07T11:19:44+00:00,900.0
2021-09-07T14:07:34+00:00,897.0
2021-09-07T15:44:20+00:00,896.0
2021-09-08T15:03:12+00:00,894.0
2021-09-09T11:28:30+00:00,897.0
2021-09-10 00:00:00,897.0
2021-09-11 00:00:00,897.0
2021-09-12 00:00:00,897.0
2021-09-13T14:07:51+00:00,896.0
2021-09-14T11:41:52+00:00,896.0
2021-09-14T14:47:12+00:00,900.0
2021-09-15 00:00:00,900.0
2021-09-16T09:42:35+00:00,894.0
2021-09-16T09:58:25+00:00,893.0
2021-09-16T11:59:35+00:00,890.0
2021-09-16T12:50:07+00:00,887.0
2021-09-16T20:22:57+00:00,883.0
2021-09-17T13:53:08+00:00,881.0
2021-09-18 00:00:00,881.0
2021-09-19 00:00:00,881.0
2021-09-20T14:30:54+00:00,883.0
2021-09-21T16:09:16+00:00,891.0
2021-09-22T12:11:56+00:00,889.0
2021-09-23T10:18:53+00:00,889.0
2021-09-23T14:50:44+00:00,882.0
2021-09-23T20:16:20+00:00,880.0
2021-09-23T21:59:57+00:00,877.0
2021-09-24T16:04:45+00:00,880.0
2021-09-25 00:00:00,880.0
2021-09-26 00:00:00,880.0
2021-09-27 00:00:00,880.0
2021-09-28 00:00:00,880.0
2021-09-29T14:31:06+00:00,872.0
2021-09-30T09:38:58+00:00,870.0
2021-09-30T14:33:34+00:00,878.0
2021-09-30T14:50:29+00:00,880.0
2021-10-01T13:03:28+00:00,882.0
2021-10-02 00:00:00,882.0
2021-10-03 00:00:00,882.0
2021-10-04T18:05:10+00:00,882.0
2021-10-05 00:00:00,882.0
2021-10-06 00:00:00,882.0
2021-10-07 00:00:00,882.0
2021-10-08T14:22:23+00:00,883.0
2021-10-09 00:00:00,883.0
2021-10-10 00:00:00,883.0
2021-10-11T13:48:47+00:00,880.0
2021-10-12T12:06:22+00:00,882.0
2021-10-13T12:41:54+00:00,882.0
2021-10-13T14:56:07+00:00,896.0
2021-10-14T10:24:59+00:00,898.0
2021-10-15T12:22:49+00:00,888.0
2021-10-16 00:00:00,888.0
2021-10-17 00:00:00,888.0
2021-10-18 00:00:00,888.0
2021-10-19T13:00:42+00:00,889.0
2021-10-20T13:37:46+00:00,888.0
2021-10-21 00:00:00,888.0
2021-10-22T13:22:20+00:00,897.0
2021-10-22T14:10:22+00:00,898.0
2021-10-22T15:06:18+00:00,900.0
2021-10-22T15:51:36+00:00,891.0
2021-10-23 00:00:00,891.0
2021-10-24 00:00:00,891.0
2021-10-25T12:11:26+00:00,896.0
2021-10-25T15:05:05+00:00,898.0
2021-10-26T11:05:17+00:00,896.0
2021-10-26T14:22:23+00:00,891.0
2021-10-27T09:38:17+00:00,891.0
2021-10-28T09:19:24+00:00,894.0
2021-10-29T13:49:39+00:00,888.0
2021-10-29T14:18:07+00:00,889.0
2021-10-30 00:00:00,889.0
2021-10-31 00:00:00,889.0
2021-11-01 00:00:00,889.0
2021-11-02T14:27:16+00:00,893.0
2021-11-03T13:14:44+00:00,886.0
2021-11-03T14:01:08+00:00,883.0
2021-11-03T19:31:30+00:00,886.0
2021-11-04T12:55:45+00:00,891.0
2021-11-04T13:37:14+00:00,893.0
2021-11-05T10:46:30+00:00,893.0
2021-11-05T16:47:22+00:00,897.0
2021-11-06 00:00:00,897.0
2021-11-07 00:00:00,897.0
2021-11-08T14:09:26+00:00,898.0
2021-11-09T09:41:08+00:00,900.0
2021-11-10T13:04:48+00:00,903.0
2021-11-10T14:04:37+00:00,914.0
2021-11-10T14:31:42+00:00,917.0
2021-11-10T14:43:42+00:00,920.0
2021-11-10T16:11:21+00:00,913.0
2021-11-11T10:16:08+00:00,926.0
2021-11-11T13:15:53+00:00,923.0
2021-11-11T19:37:33+00:00,926.0
2021-11-12T09:12:18+00:00,922.0
2021-11-12T10:44:42+00:00,920.0
2021-11-12T18:59:08+00:00,930.0
2021-11-13T11:06:44+00:00,928.0
2021-11-14 00:00:00,928.0
2021-11-15T10:00:57+00:00,928.0
2021-11-15T10:52:34+00:00,929.0
2021-11-15T18:59:09+00:00,930.0
2021-11-16T13:20:02+00:00,935.0
2021-11-16T14:37:08+00:00,930.0
2021-11-16T19:49:10+00:00,926.0
2021-11-17T09:51:34+00:00,929.0
2021-11-18T10:11:33+00:00,930.0
2021-11-19 00:00:00,930.0
2021-11-20T12:32:07+00:00,922.0
2021-11-21 00:00:00,922.0
2021-11-22T11:30:58+00:00,920.0
2021-11-22T14:39:28+00:00,912.0
2021-11-23T08:50:01+00:00,905.0
2021-11-24T12:32:43+00:00,898.0
2021-11-24T13:12:50+00:00,897.0
2021-11-24T14:14:27+00:00,896.0
2021-11-25T11:11:51+00:00,900.0
2021-11-26T10:42:04+00:00,907.0
2021-11-27T10:58:32+00:00,900.0
2021-11-28 00:00:00,900.0
2021-11-29T10:03:41+00:00,904.0
2021-11-30T15:33:46+00:00,905.0
2021-11-30T16:05:33+00:00,898.0
2021-11-30T16:32:21+00:00,896.0
2021-11-30T20:18:49+00:00,894.0
2021-12-01T12:30:17+00:00,897.0
2021-12-02T10:06:39+00:00,891.0
2021-12-02T14:27:36+00:00,897.0
2021-12-02T14:41:13+00:00,890.0
2021-12-03T12:09:23+00:00,890.0
2021-12-03T19:21:35+00:00,896.0
2021-12-04 00:00:00,896.0
2021-12-05 00:00:00,896.0
2021-12-06 00:00:00,896.0
2021-12-07 00:00:00,896.0
2021-12-08T11:37:53+00:00,896.0
2021-12-09T12:42:37+00:00,893.0
2021-12-10T15:53:21+00:00,896.0
2021-12-11T10:41:58+00:00,894.0
2021-12-12 00:00:00,894.0
2021-12-13 00:00:00,894.0
2021-12-14T13:23:10+00:00,896.0
2021-12-14T14:45:24+00:00,891.0
2021-12-14T14:54:44+00:00,893.0
2021-12-14T15:06:09+00:00,894.0
2021-12-15T10:05:09+00:00,891.0
2021-12-15T16:43:32+00:00,889.0
2021-12-16T09:00:36+00:00,897.0
2021-12-16T15:16:58+00:00,900.0
2021-12-17T08:33:26+00:00,905.0
2021-12-17T18:00:55+00:00,903.0
2021-12-18T09:31:35+00:00,900.0
2021-12-19 00:00:00,900.0
2021-12-20 00:00:00,900.0
2021-12-21 00:00:00,900.0
2021-12-22 00:00:00,900.0
2021-12-23T10:34:05+00:00,903.0
2021-12-24 00:00:00,903.0
2021-12-25 00:00:00,903.0
2021-12-26 00:00:00,903.0
2021-12-27T10:20:10+00:00,903.0
2021-12-28T10:50:31+00:00,906.0
2021-12-29T13:57:31+00:00,898.0
2021-12-29T15:55:18+00:00,902.0
2021-12-29T16:48:12+00:00,903.0
2021-12-30T14:43:24+00:00,904.0
2021-12-31T12:46:58+00:00,908.0
2022-01-01T11:30:56+00:00,912.0
2022-01-02 00:00:00,912.0
2022-01-03T13:38:36+00:00,906.0
2022-01-04T11:00:42+00:00,905.0
2022-01-05T09:25:26+00:00,908.0
2022-01-05T14:31:10+00:00,913.0
2022-01-06T10:15:22+00:00,900.0
2022-01-06T14:07:03+00:00,898.0
2022-01-07 00:00:00,898.0
2022-01-08 00:00:00,898.0
2022-01-09 00:00:00,898.0
2022-01-10T09:58:34+00:00,900.0
2022-01-11T09:11:58+00:00,905.0
2022-01-11T20:11:06+00:00,910.0
2022-01-12T10:49:55+00:00,908.0
2022-01-13T11:11:18+00:00,910.0
2022-01-14T13:06:10+00:00,910.0
2022-01-15T11:12:24+00:00,908.0
2022-01-16 00:00:00,908.0
2022-01-17 00:00:00,908.0
2022-01-18T11:34:59+00:00,906.0
2022-01-19T16:24:35+00:00,918.0
2022-01-20T10:50:33+00:00,918.0
2022-01-20T13:51:37+00:00,920.0
2022-01-21T11:18:35+00:00,917.0
2022-01-22 00:00:00,917.0
2022-01-23 00:00:00,917.0
2022-01-24T10:49:17+00:00,919.0
2022-01-25T18:42:59+00:00,922.0
2022-01-26 00:00:00,922.0
2022-01-27T11:05:08+00:00,908.0
2022-01-27T13:46:35+00:00,906.0
2022-01-27T15:42:34+00:00,904.0
2022-01-28T09:49:17+00:00,902.0
2022-01-28T10:35:45+00:00,900.0
2022-01-28T11:16:06+00:00,897.0
2022-01-29T12:09:52+00:00,900.0
2022-01-30 00:00:00,900.0
2022-01-31T10:32:08+00:00,900.0
2022-01-31T14:06:39+00:00,902.0
2022-02-01 00:00:00,902.0
2022-02-02T10:22:14+00:00,905.0
2022-02-03T16:15:56+00:00,905.0
2022-02-04T10:00:08+00:00,908.0
2022-02-05T11:05:48+00:00,905.0
2022-02-06 00:00:00,905.0
2022-02-07T10:16:02+00:00,908.0
2022-02-08T10:25:03+00:00,911.0
2022-02-09 00:00:00,911.0
2022-02-10T11:15:29+00:00,914.0
2022-02-10T16:33:23+00:00,919.0
2022-02-10T20:10:15+00:00,915.0
2022-02-11T10:37:18+00:00,914.0
2022-02-11T18:39:17+00:00,921.0
2022-02-11T18:58:06+00:00,926.0
2022-02-11T20:21:06+00:00,930.0
2022-02-12T10:32:29+00:00,929.0
2022-02-13 00:00:00,929.0
2022-02-14 00:00:00,929.0
2022-02-15T13:55:03+00:00,926.0
2022-02-16 00:00:00,926.0
2022-02-17T12:24:00+00:00,943.0
2022-02-17T20:35:09+00:00,947.0
2022-02-18 00:00:00,947.0
2022-02-19T12:03:32+00:00,949.0
2022-02-20T12:44:50+00:00,950.0
2022-02-21T13:04:06+00:00,947.0
2022-02-22 00:00:00,947.0
2022-02-23 00:00:00,947.0
2022-02-24T09:22:32+00:00,972.0
2022-02-24T10:34:14+00:00,982.0
2022-02-24T11:11:39+00:00,987.0
2022-02-24T12:02:09+00:00,982.0
2022-02-24T14:30:12+00:00,977.0
2022-02-24T14:51:10+00:00,980.0
2022-02-24T15:09:43+00:00,968.0
2022-02-24T15:11:26+00:00,969.0
2022-02-24T15:45:28+00:00,963.0
2022-02-25T11:12:34+00:00,955.0
2022-02-25T12:41:15+00:00,953.0
2022-02-25T14:25:13+00:00,947.0
2022-02-26 00:00:00,947.0
2022-02-27T13:15:09+00:00,951.0
2022-02-28T13:27:11+00:00,956.0
2022-02-28T14:48:25+00:00,961.0
2022-02-28T16:58:27+00:00,954.0
2022-03-01T10:40:13+00:00,966.0
2022-03-02 00:00:00,966.0
2022-03-03T10:04:24+00:00,971.0
2022-03-04T12:09:26+00:00,975.0
2022-03-04T17:15:28+00:00,982.0
2022-03-05T10:16:18+00:00,991.0
2022-03-06T17:19:22+00:00,990.0
2022-03-07T10:08:48+00:00,1001.0
2022-03-07T11:46:36+00:00,998.0
2022-03-07T12:16:45+00:00,997.0
2022-03-07T14:17:42+00:00,989.0
2022-03-08T08:55:48+00:00,1006.0
2022-03-08T15:06:23+00:00,1017.0
2022-03-08T15:08:01+00:00,1023.0
2022-03-09T09:27:21+00:00,1014.0
2022-03-09T11:34:21+00:00,1007.0
2022-03-10T09:42:54+00:00,997.0
2022-03-10T14:23:48+00:00,1007.0
2022-03-11T10:05:27+00:00,1006.0
2022-03-11T16:38:27+00:00,1011.0
2022-03-12T09:41:48+00:00,1014.0
2022-03-13T11:33:24+00:00,1014.0
2022-03-14T09:49:29+00:00,1006.0
2022-03-14T14:37:57+00:00,1010.0
2022-03-14T17:33:48+00:00,1019.0
2022-03-15T09:55:41+00:00,1008.0
2022-03-15T15:18:44+00:00,1010.0
2022-03-15T16:10:03+00:00,1011.0
2022-03-16 00:00:00,1011.0
2022-03-17T09:46:06+00:00,1019.0
2022-03-17T11:23:34+00:00,1023.0
2022-03-18T10:35:18+00:00,1019.0
2022-03-19 00:00:00,1019.0
2022-03-20T10:31:38+00:00,1019.0
2022-03-21T09:33:39+00:00,1066.0
2022-03-21T10:25:05+00:00,1074.0
2022-03-21T11:18:14+00:00,1086.0
2022-03-21T11:55:59+00:00,1097.0
2022-03-21T12:02:52+00:00,1099.0
2022-03-21T12:10:08+00:00,1109.0
2022-03-21T13:01:43+00:00,1111.0
2022-03-21T13:55:15+00:00,1114.0
2022-03-21T14:04:21+00:00,1120.0
2022-03-21T15:07:03+00:00,1131.0
2022-03-21T16:08:04+00:00,1137.0
2022-03-21T16:18:38+00:00,1149.0
2022-03-21T17:45:45+00:00,1137.0
2022-03-21T19:00:56+00:00,1154.0
2022-03-21T19:49:30+00:00,1171.0
2022-03-21T20:43:03+00:00,1171.0
2022-03-22T08:42:31+00:00,1166.0
2022-03-22T08:50:17+00:00,1171.0
2022-03-22T09:46:28+00:00,1177.0
2022-03-22T10:29:06+00:00,1200.0
2022-03-22T10:39:14+00:00,1211.0
2022-03-22T11:22:12+00:00,1223.0
2022-03-22T11:46:41+00:00,1235.0
2022-03-22T11:51:04+00:00,1246.0
2022-03-22T13:51:37+00:00,1223.0
2022-03-22T14:16:09+00:00,1154.0
2022-03-22T17:00:03+00:00,1200.0
2022-03-22T21:21:08+00:00,1166.0
2022-03-23T08:39:53+00:00,1171.0
2022-03-23T11:50:23+00:00,1137.0
2022-03-23T11:52:07+00:00,1131.0
2022-03-23T12:24:16+00:00,1126.0
2022-03-23T12:36:10+00:00,1131.0
2022-03-23T13:36:14+00:00,1131.0
2022-03-24T10:03:39+00:00,1120.0
2022-03-24T10:24:48+00:00,1131.0
2022-03-24T17:36:03+00:00,1139.0
2022-03-25T10:24:38+00:00,1131.0
2022-03-26 00:00:00,1131.0
2022-03-27T11:24:59+00:00,1137.0
2022-03-27T11:37:32+00:00,1131.0
2022-03-28T11:44:59+00:00,1120.0
2022-03-28T14:25:35+00:00,1126.0
2022-03-29T11:55:30+00:00,1109.0
2022-03-29T12:28:35+00:00,1103.0
2022-03-29T14:42:54+00:00,1109.0
2022-03-29T17:10:02+00:00,1114.0
2022-03-30T08:49:55+00:00,1114.0
2022-03-31T08:51:27+00:00,1114.0
2022-03-31T15:41:10+00:00,1109.0
2022-03-31T15:58:20+00:00,1114.0
2022-03-31T17:09:40+00:00,1120.0
2022-04-01T09:28:36+00:00,1114.0
2022-04-01T13:13:37+00:00,1109.0
2022-04-02 00:00:00,1109.0
2022-04-03T18:49:36+00:00,1114.0
2022-04-03T18:49:52+00:00,1109.0
2022-04-04 00:00:00,1109.0
2022-04-05T11:21:28+00:00,1118.0
2022-04-05T13:23:32+00:00,1120.0
2022-04-05T13:45:40+00:00,1126.0
2022-04-06T09:37:31+00:00,1118.0
2022-04-07T08:11:25+00:00,1120.0
2022-04-07T12:04:18+00:00,1126.0
2022-04-08T13:58:33+00:00,1131.0
2022-04-08T17:54:46+00:00,1135.0
2022-04-09T08:31:25+00:00,1136.0
2022-04-09T10:13:20+00:00,1137.0
2022-04-10T13:06:42+00:00,1146.0
2022-04-11T09:31:15+00:00,1152.0
2022-04-11T11:20:35+00:00,1158.0
2022-04-11T11:59:22+00:00,1161.0
2022-04-11T12:03:31+00:00,1162.0
2022-04-11T12:14:52+00:00,1164.0
2022-04-11T12:27:35+00:00,1166.0
2022-04-11T18:16:52+00:00,1162.0
2022-04-12T10:23:07+00:00,1166.0
2022-04-12T12:46:46+00:00,1171.0
2022-04-13T10:50:50+00:00,1171.0
2022-04-13T12:48:09+00:00,1166.0
2022-04-14 00:00:00,1166.0
2022-04-15 00:00:00,1166.0
2022-04-16 00:00:00,1166.0
2022-04-17 00:00:00,1166.0
2022-04-18T11:37:19+00:00,1188.0
2022-04-18T15:56:35+00:00,1197.0
2022-04-19T10:13:51+00:00,1197.0
2022-04-19T12:23:50+00:00,1200.0
2022-04-19T18:03:12+00:00,1211.0
2022-04-20T11:23:00+00:00,1234.0
2022-04-20T14:01:41+00:00,1252.0
2022-04-20T17:30:57+00:00,1263.0
2022-04-20T17:32:54+00:00,1269.0
2022-04-21T13:49:41+00:00,1252.0
2022-04-22 00:00:00,1252.0
2022-04-23 00:00:00,1252.0
2022-04-24 00:00:00,1252.0
2022-04-25 00:00:00,1252.0
2022-04-26T10:22:21+00:00,1286.0
2022-04-26T10:44:08+00:00,1274.0
2022-04-26T12:39:44+00:00,1269.0
2022-04-27 00:00:00,1269.0
2022-04-28T16:45:01+00:00,1252.0
2022-04-29T18:35:48+00:00,1286.0
2022-04-30T10:26:55+00:00,1314.0
2022-04-30T12:36:36+00:00,1326.0
2022-04-30T17:37:47+00:00,1297.0
2022-05-01T12:24:18+00:00,1314.0
2022-05-01T12:35:51+00:00,1326.0
2022-05-02T19:11:58+00:00,1297.0
2022-05-03T14:10:16+00:00,1314.0
2022-05-04T19:15:03+00:00,1331.0
2022-05-05T10:21:12+00:00,1371.0
2022-05-05T12:21:16+00:00,1377.0
2022-05-05T12:40:22+00:00,1383.0
2022-05-05T19:41:15+00:00,1394.0
2022-05-06T13:28:18+00:00,1429.0
2022-05-07T13:07:32+00:00,1343.0
2022-05-07T15:49:34+00:00,1383.0
2022-05-08 00:00:00,1383.0
2022-05-09T09:35:54+00:00,1343.0
2022-05-09T11:53:25+00:00,1360.0
2022-05-09T12:40:33+00:00,1383.0
2022-05-10T09:56:16+00:00,1388.0
2022-05-10T10:09:12+00:00,1383.0
2022-05-10T14:13:27+00:00,1377.0
2022-05-10T14:57:02+00:00,1360.0
2022-05-10T17:07:24+00:00,1343.0
2022-05-11T09:59:33+00:00,1343.0
2022-05-11T13:45:35+00:00,1360.0
2022-05-11T15:16:42+00:00,1343.0
2022-05-11T15:43:37+00:00,1354.0
2022-05-11T18:07:45+00:00,1343.0
2022-05-12T10:15:23+00:00,1314.0
2022-05-12T11:10:07+00:00,1280.0
2022-05-12T12:38:28+00:00,1291.0
2022-05-12T12:57:40+00:00,1303.0
2022-05-13T10:21:32+00:00,1291.0
2022-05-13T10:53:33+00:00,1286.0
2022-05-13T11:58:07+00:00,1280.0
2022-05-13T13:29:37+00:00,1269.0
2022-05-13T14:09:38+00:00,1286.0
2022-05-14T11:02:11+00:00,1274.0
2022-05-15T16:16:50+00:00,1240.0
2022-05-15T16:36:46+00:00,1246.0
2022-05-16T15:16:10+00:00,1234.0
2022-05-17T12:41:18+00:00,1223.0
2022-05-18T15:06:16+00:00,1200.0
2022-05-19T10:26:29+00:00,1228.0
2022-05-19T19:25:14+00:00,1200.0
2022-05-20T11:53:56+00:00,1188.0
2022-05-20T12:16:26+00:00,1183.0
2022-05-20T13:37:34+00:00,1177.0
2022-05-20T13:46:45+00:00,1171.0
2022-05-20T14:10:27+00:00,1160.0
2022-05-20T14:13:12+00:00,1154.0
2022-05-20T15:17:46+00:00,1160.0
2022-05-21T11:39:43+00:00,1166.0
2022-05-22 00:00:00,1166.0
2022-05-23T10:03:10+00:00,1234.0
2022-05-23T13:04:50+00:00,1211.0
2022-05-23T18:45:31+00:00,1200.0
2022-05-24T08:46:24+00:00,1211.0
2022-05-24T13:04:15+00:00,1200.0
2022-05-25T13:23:44+00:00,1206.0
2022-05-26T10:08:47+00:00,1206.0
2022-05-26T11:06:28+00:00,1200.0
2022-05-27T14:18:26+00:00,1200.0
2022-05-28T13:01:43+00:00,1177.0
2022-05-28T14:02:31+00:00,1188.0
2022-05-29 00:00:00,1188.0
2022-05-30T12:17:40+00:00,1171.0
2022-05-31T10:12:53+00:00,1160.0
2022-05-31T10:42:16+00:00,1154.0
2022-06-01T12:09:07+00:00,1137.0
2022-06-01T14:34:20+00:00,1149.0
2022-06-02T11:09:32+00:00,1160.0
2022-06-03 00:00:00,1160.0
2022-06-04T13:52:15+00:00,1149.0
2022-06-05 00:00:00,1149.0
2022-06-06T09:48:00+00:00,1154.0
2022-06-06T15:15:51+00:00,1149.0
2022-06-07T13:17:19+00:00,1149.0
2022-06-08T10:16:49+00:00,1148.0
2022-06-09T10:01:00+00:00,1145.0
2022-06-09T14:18:13+00:00,1139.0
2022-06-10T09:48:28+00:00,1139.0
2022-06-10T16:07:41+00:00,1151.0
2022-06-10T16:18:47+00:00,1148.0
2022-06-11T13:17:53+00:00,1148.0
2022-06-12 00:00:00,1148.0
2022-06-13T10:08:02+00:00,1139.0
2022-06-13T12:48:27+00:00,1137.0
2022-06-13T17:40:56+00:00,1139.0
2022-06-14T12:20:40+00:00,1137.0
2022-06-14T12:48:52+00:00,1139.0
2022-06-14T15:18:40+00:00,1135.0
2022-06-15T09:58:15+00:00,1139.0
2022-06-15T12:31:32+00:00,1145.0
2022-06-16T10:50:19+00:00,1140.0
2022-06-17T10:58:57+00:00,1148.0
2022-06-17T13:12:11+00:00,1149.0
2022-06-17T15:36:11+00:00,1145.0
2022-06-18T09:44:07+00:00,1149.0
2022-06-19T10:45:07+00:00,1149.0
2022-06-20T10:41:43+00:00,1149.0
2022-06-21T11:30:19+00:00,1149.0
2022-06-22T12:24:46+00:00,1152.0
2022-06-23T14:24:47+00:00,1152.0
2022-06-24T13:12:34+00:00,1149.0
2022-06-25 00:00:00,1149.0
2022-06-26 00:00:00,1149.0
2022-06-27T08:46:03+00:00,1152.0
2022-06-27T13:43:35+00:00,1149.0
2022-06-28 00:00:00,1149.0
2022-06-29T12:24:45+00:00,1140.0
2022-06-29T15:01:25+00:00,1137.0
2022-06-30T10:50:43+00:00,1134.0
2022-06-30T12:04:29+00:00,1131.0
2022-06-30T13:31:34+00:00,1137.0
2022-06-30T15:17:32+00:00,1131.0
2022-07-01T09:29:02+00:00,1128.0
2022-07-01T11:47:54+00:00,1126.0
2022-07-01T17:01:31+00:00,1131.0
2022-07-02 00:00:00,1131.0
2022-07-03T10:27:38+00:00,1132.0
2022-07-04T10:23:32+00:00,1128.0
2022-07-04T17:13:49+00:00,1120.0
2022-07-05T11:05:08+00:00,1113.0
2022-07-05T11:46:45+00:00,1109.0
2022-07-05T12:14:54+00:00,1103.0
2022-07-05T14:43:23+00:00,1094.0
2022-07-05T15:25:39+00:00,1097.0
2022-07-06 00:00:00,1097.0
2022-07-07T12:46:56+00:00,1109.0
2022-07-07T13:46:11+00:00,1120.0
2022-07-07T14:35:27+00:00,1126.0
2022-07-08T10:45:36+00:00,1132.0
2022-07-08T10:56:16+00:00,1137.0
2022-07-08T11:58:01+00:00,1143.0
2022-07-09 00:00:00,1143.0
2022-07-10T11:12:35+00:00,1143.0
2022-07-11T10:26:18+00:00,1143.0
2022-07-12T11:29:27+00:00,1143.0
2022-07-13 00:00:00,1143.0
2022-07-14T13:45:17+00:00,1131.0
2022-07-15T13:04:46+00:00,1131.0
2022-07-16T11:34:18+00:00,1131.0
2022-07-17 00:00:00,1131.0
2022-07-18T10:47:07+00:00,1120.0
2022-07-18T11:20:56+00:00,1118.0
2022-07-18T12:21:49+00:00,1114.0
2022-07-19T14:06:14+00:00,1118.0
2022-07-20T09:53:31+00:00,1122.0
2022-07-20T10:51:00+00:00,1126.0
2022-07-21T10:28:39+00:00,1114.0
2022-07-21T12:58:49+00:00,1126.0
2022-07-22T14:17:06+00:00,1131.0
2022-07-23T10:31:32+00:00,1128.0
2022-07-24 00:00:00,1128.0
2022-07-25 00:00:00,1128.0
2022-07-26 00:00:00,1128.0
2022-07-27 00:00:00,1128.0
2022-07-28T09:13:57+00:00,1137.0
2022-07-28T10:51:30+00:00,1135.0
2022-07-29T10:15:10+00:00,1143.0
2022-07-30T09:59:16+00:00,1166.0
2022-07-30T11:38:01+00:00,1160.0
2022-07-31T16:28:27+00:00,1170.0
2022-08-01T10:01:43+00:00,1183.0
2022-08-01T10:38:01+00:00,1188.0
2022-08-01T12:12:49+00:00,1183.0
2022-08-01T12:40:43+00:00,1177.0
2022-08-01T12:45:44+00:00,1171.0
2022-08-01T13:12:25+00:00,1177.0
2022-08-01T15:35:18+00:00,1171.0
2022-08-01T18:20:30+00:00,1177.0
2022-08-02T12:13:59+00:00,1183.0
2022-08-02T17:02:57+00:00,1177.0
2022-08-03T10:57:15+00:00,1177.0
2022-08-03T19:39:23+00:00,1183.0
2022-08-04T09:54:52+00:00,1198.0
2022-08-04T10:05:45+00:00,1200.0
2022-08-04T10:44:15+00:00,1206.0
2022-08-04T11:33:16+00:00,1211.0
2022-08-04T12:01:28+00:00,1217.0
2022-08-04T12:11:23+00:00,1223.0
2022-08-04T12:26:22+00:00,1228.0
2022-08-04T12:34:00+00:00,1223.0
2022-08-04T13:13:41+00:00,1211.0
2022-08-04T13:34:09+00:00,1206.0
2022-08-04T14:38:17+00:00,1217.0
2022-08-04T15:43:57+00:00,1217.0
2022-08-04T15:56:13+00:00,1223.0
2022-08-05T13:28:26+00:00,1217.0
2022-08-06 00:00:00,1217.0
2022-08-07 00:00:00,1217.0
2022-08-08T10:00:37+00:00,1225.0
2022-08-08T14:38:21+00:00,1225.0
2022-08-09T10:02:13+00:00,1217.0
2022-08-09T20:12:57+00:00,1209.0
2022-08-10T10:50:44+00:00,1209.0
2022-08-10T13:10:49+00:00,1206.0
2022-08-10T15:53:28+00:00,1203.0
2022-08-10T21:56:03+00:00,1200.0
2022-08-11T10:51:52+00:00,1200.0
2022-08-11T15:55:29+00:00,1191.0
2022-08-11T17:28:20+00:00,1186.0
2022-08-12T10:26:01+00:00,1186.0
2022-08-12T13:55:11+00:00,1196.0
2022-08-12T14:33:20+00:00,1193.0
2022-08-12T15:32:06+00:00,1197.0
2022-08-12T16:58:58+00:00,1198.0
2022-08-12T21:17:55+00:00,1207.0
2022-08-13T10:34:40+00:00,1211.0
2022-08-13T12:53:31+00:00,1214.0
2022-08-14 00:00:00,1214.0
2022-08-15 00:00:00,1214.0
2022-08-16T10:15:21+00:00,1217.0
2022-08-16T17:49:20+00:00,1234.0
2022-08-16T20:44:35+00:00,1245.0
2022-08-17T09:04:53+00:00,1234.0
2022-08-17T09:34:15+00:00,1240.0
2022-08-17T10:38:03+00:00,1228.0
2022-08-17T13:02:18+00:00,1236.0
2022-08-17T14:47:51+00:00,1234.0
2022-08-18T08:44:35+00:00,1234.0
2022-08-18T10:06:16+00:00,1240.0
2022-08-18T10:39:04+00:00,1245.0
2022-08-19T11:51:08+00:00,1234.0
2022-08-20T14:24:31+00:00,1234.0
2022-08-21 00:00:00,1234.0
2022-08-22 00:00:00,1234.0
2022-08-23 00:00:00,1234.0
2022-08-24T10:16:17+00:00,1228.0
2022-08-25T11:24:29+00:00,1233.0
2022-08-26T10:46:26+00:00,1228.0
2022-08-26T14:03:32+00:00,1233.0
2022-08-26T14:12:24+00:00,1236.0
2022-08-26T15:41:25+00:00,1233.0
2022-08-27 00:00:00,1233.0
2022-08-28T14:02:51+00:00,1240.0
2022-08-29 00:00:00,1240.0
2022-08-30T10:21:30+00:00,1243.0
2022-08-30T22:15:27+00:00,1254.0
2022-08-31T14:24:53+00:00,1274.0
2022-08-31T15:33:59+00:00,1269.0
2022-09-01T11:04:00+00:00,1257.0
2022-09-02T11:32:09+00:00,1265.0
2022-09-02T13:53:56+00:00,1269.0
2022-09-02T14:47:21+00:00,1274.0
2022-09-03 00:00:00,1274.0
2022-09-04 00:00:00,1274.0
2022-09-05T10:32:30+00:00,1269.0
2022-09-05T16:56:14+00:00,1263.0
2022-09-06 00:00:00,1263.0
2022-09-07T12:40:39+00:00,1263.0
2022-09-08T10:53:13+00:00,1274.0
2022-09-09 00:00:00,1274.0
2022-09-10T10:15:43+00:00,1274.0
2022-09-11 00:00:00,1274.0
2022-09-12 00:00:00,1274.0
2022-09-13T10:46:24+00:00,1274.0
2022-09-14T14:30:59+00:00,1273.0
2022-09-15T14:44:14+00:00,1274.0
2022-09-16 00:00:00,1274.0
2022-09-17 00:00:00,1274.0
2022-09-18 00:00:00,1274.0
2022-09-19T16:18:49+00:00,1278.0
2022-09-20T10:11:54+00:00,1280.0
2022-09-20T11:41:08+00:00,1282.0
2022-09-21T09:33:24+00:00,1286.0
2022-09-21T11:54:18+00:00,1288.0
2022-09-21T12:34:29+00:00,1289.0
2022-09-21T18:48:58+00:00,1303.0
2022-09-21T19:29:39+00:00,1312.0
2022-09-22T10:13:47+00:00,1303.0
2022-09-22T11:24:58+00:00,1312.0
2022-09-22T11:43:32+00:00,1314.0
2022-09-22T12:22:12+00:00,1326.0
2022-09-22T12:50:52+00:00,1331.0
2022-09-22T13:39:54+00:00,1326.0
2022-09-22T15:52:11+00:00,1312.0
2022-09-22T16:45:59+00:00,1314.0
2022-09-22T18:17:24+00:00,1302.0
2022-09-23T10:18:52+00:00,1308.0
2022-09-24T10:22:20+00:00,1291.0
2022-09-25T14:28:30+00:00,1291.0
2022-09-26 00:00:00,1291.0
2022-09-27T10:34:30+00:00,1288.0
2022-09-28T17:08:05+00:00,1286.0
2022-09-29T10:19:17+00:00,1291.0
2022-09-29T13:54:22+00:00,1286.0
2022-09-29T15:48:39+00:00,1288.0
2022-09-30T11:59:20+00:00,1286.0
2022-10-01T10:51:11+00:00,1276.0
2022-10-01T15:10:46+00:00,1274.0
2022-10-02T13:08:10+00:00,1266.0
2022-10-02T13:39:41+00:00,1263.0
2022-10-03T13:15:12+00:00,1245.0
2022-10-03T13:35:45+00:00,1234.0
2022-10-04T19:13:27+00:00,1252.0
2022-10-05 00:00:00,1252.0
2022-10-06T10:07:35+00:00,1234.0
2022-10-06T11:31:17+00:00,1229.0
2022-10-06T16:14:54+00:00,1223.0
2022-10-07T10:08:46+00:00,1223.0
2022-10-07T12:54:29+00:00,1217.0
2022-10-07T13:03:27+00:00,1223.0
2022-10-08T17:00:57+00:00,1246.0
2022-10-09T11:08:29+00:00,1257.0
2022-10-09T14:29:11+00:00,1246.0
2022-10-10T10:04:25+00:00,1240.0
2022-10-10T13:53:21+00:00,1245.0
2022-10-10T15:49:25+00:00,1249.0
2022-10-10T16:00:01+00:00,1252.0
2022-10-10T16:57:26+00:00,1257.0
2022-10-11T09:57:09+00:00,1252.0
2022-10-11T12:51:12+00:00,1269.0
2022-10-11T13:27:30+00:00,1274.0
2022-10-11T14:59:21+00:00,1280.0
2022-10-11T15:36:01+00:00,1286.0
2022-10-11T20:27:13+00:00,1269.0
2022-10-12T10:18:26+00:00,1274.0
2022-10-13T09:58:21+00:00,1286.0
2022-10-13T14:37:16+00:00,1278.0
2022-10-13T15:52:01+00:00,1280.0
2022-10-14T14:22:16+00:00,1280.0
2022-10-15T10:55:50+00:00,1280.0
2022-10-15T11:47:48+00:00,1280.0
2022-10-15T15:21:12+00:00,1274.0
2022-10-16 00:00:00,1274.0
2022-10-17 00:00:00,1274.0
2022-10-18T10:40:50+00:00,1269.0
2022-10-19T13:05:16+00:00,1269.0
2022-10-20T10:02:36+00:00,1269.0
2022-10-21 00:00:00,1269.0
2022-10-22 00:00:00,1269.0
2022-10-23 00:00:00,1269.0
2022-10-24T09:28:25+00:00,1274.0
2022-10-24T10:31:09+00:00,1283.0
2022-10-24T10:36:55+00:00,1286.0
2022-10-25T12:21:51+00:00,1291.0
2022-10-26T16:55:20+00:00,1300.0
2022-10-27T10:00:42+00:00,1337.0
2022-10-27T11:17:10+00:00,1371.0
2022-10-28T09:31:44+00:00,1391.0
2022-10-28T13:07:53+00:00,1406.0
2022-10-28T15:48:52+00:00,1403.0
2022-10-29T14:15:07+00:00,1394.0
2022-10-30 00:00:00,1394.0
2022-10-31T10:36:52+00:00,1394.0
2022-10-31T13:29:27+00:00,1385.0
2022-10-31T15:15:33+00:00,1379.0
2022-10-31T19:08:56+00:00,1382.0
2022-11-01T13:42:47+00:00,1383.0
2022-11-02 00:00:00,1383.0
2022-11-03 00:00:00,1383.0
2022-11-04T11:13:01+00:00,1383.0
2022-11-05 00:00:00,1383.0
2022-11-06 00:00:00,1383.0
2022-11-07 00:00:00,1383.0
2022-11-08T10:51:27+00:00,1394.0
2022-11-08T13:45:45+00:00,1388.0
2022-11-09 00:00:00,1388.0
2022-11-10 00:00:00,1388.0
2022-11-11T12:34:45+00:00,1434.0
2022-11-12T09:26:58+00:00,1440.0
2022-11-12T14:13:22+00:00,1451.0
2022-11-13T11:11:00+00:00,1451.0
2022-11-14T10:59:13+00:00,1434.0
2022-11-14T14:08:27+00:00,1440.0
2022-11-15T09:59:21+00:00,1448.0
2022-11-15T11:26:26+00:00,1446.0
2022-11-16T09:19:57+00:00,1446.0
2022-11-17T10:27:32+00:00,1446.0
2022-11-17T11:23:28+00:00,1451.0
2022-11-17T20:00:58+00:00,1454.0
2022-11-18T10:00:20+00:00,1457.0
2022-11-19T09:09:36+00:00,1474.0
2022-11-20 00:00:00,1474.0
2022-11-21T09:50:18+00:00,1472.0
2022-11-21T09:55:26+00:00,1474.0
2022-11-21T10:50:25+00:00,1480.0
2022-11-21T11:28:49+00:00,1486.0
2022-11-21T18:09:03+00:00,1497.0
2022-11-22T09:46:23+00:00,1520.0
2022-11-22T18:38:47+00:00,1537.0
2022-11-23T10:29:04+00:00,1520.0
2022-11-23T11:59:05+00:00,1531.0
2022-11-23T14:57:33+00:00,1537.0
2022-11-23T19:35:17+00:00,1560.0
2022-11-24T09:19:58+00:00,1588.5
2022-11-24T09:54:48+00:00,1571.0
2022-11-25T09:58:07+00:00,1611.0
2022-11-26T11:21:05+00:00,1651.0
2022-11-27T10:40:02+00:00,1651.0
2022-11-27T18:37:59+00:00,1668.5
2022-11-28T10:23:15+00:00,1708.0
2022-11-28T11:15:32+00:00,1714.0
2022-11-28T12:33:55+00:00,1731.0
2022-11-28T13:57:08+00:00,1697.0
2022-11-28T14:13:22+00:00,1668.5
2022-11-28T14:28:11+00:00,1657.0
2022-11-29T09:55:07+00:00,1668.5
2022-11-30T12:54:16+00:00,1686.0
2022-11-30T19:18:17+00:00,1691.0
2022-11-30T19:24:46+00:00,1697.0
2022-12-01T09:21:51+00:00,1714.0
2022-12-01T10:58:26+00:00,1726.0
2022-12-01T12:14:20+00:00,1731.0
2022-12-01T12:44:25+00:00,1734.0
2022-12-01T12:45:26+00:00,1737.0
2022-12-01T13:47:24+00:00,1748.0
2022-12-01T14:13:21+00:00,1760.0
2022-12-01T14:21:59+00:00,1766.0
2022-12-01T14:26:42+00:00,1771.0
2022-12-01T15:41:37+00:00,1760.0
2022-12-01T15:57:09+00:00,1748.0
2022-12-02T10:30:15+00:00,1788.0
2022-12-03 00:00:00,1788.0
2022-12-04T13:00:10+00:00,1897.0
2022-12-04T16:57:20+00:00,1966.0
2022-12-05 00:00:00,1966.0
2022-12-06T18:47:45+00:00,2034.0
2022-12-07T09:28:47+00:00,1966.0
2022-12-07T09:56:23+00:00,1943.0
2022-12-07T11:11:34+00:00,1977.0
2022-12-07T12:09:32+00:00,1954.0
2022-12-07T13:19:32+00:00,1943.0
2022-12-07T14:54:09+00:00,1966.0
2022-12-07T15:48:44+00:00,1954.0
2022-12-07T18:34:57+00:00,1948.0
2022-12-08T11:35:57+00:00,1886.0
2022-12-09T12:22:47+00:00,1886.0
2022-12-09T15:30:39+00:00,1920.0
2022-12-09T16:08:25+00:00,1943.0
2022-12-10 00:00:00,1943.0
2022-12-11 00:00:00,1943.0
2022-12-12 00:00:00,1943.0
2022-12-13 00:00:00,1943.0
2022-12-14 00:00:00,1943.0
2022-12-15 00:00:00,1943.0
2022-12-16 00:00:00,1943.0
2022-12-17T15:10:15+00:00,1966.0
2022-12-17T16:13:54+00:00,2023.0
2022-12-17T16:58:29+00:00,2057.0
2022-12-18T11:27:04+00:00,2029.0
2022-12-18T11:29:01+00:00,2057.0
2022-12-19T10:45:38+00:00,1886.0
2022-12-19T11:45:16+00:00,1943.0
2022-12-20T10:17:58+00:00,1920.0
2022-12-20T11:57:50+00:00,1886.0
2022-12-20T15:45:22+00:00,1943.0
2022-12-20T16:25:24+00:00,1954.0
2022-12-20T17:02:19+00:00,1966.0
2022-12-20T17:06:49+00:00,1977.0
2022-12-21T10:11:59+00:00,1988.0
2022-12-21T10:55:40+00:00,2000.0
2022-12-22T10:52:34+00:00,1977.0
2022-12-22T14:31:39+00:00,1954.0
2022-12-22T14:38:30+00:00,1943.0
2022-12-22T18:43:55+00:00,2000.0
2022-12-23 00:00:00,2000.0
2022-12-24T10:47:42+00:00,1931.0
2022-12-24T18:05:44+00:00,1914.0
2022-12-25T11:30:46+00:00,1886.0
2022-12-26T12:27:57+00:00,1840.0
2022-12-27T13:40:33+00:00,1771.0
2022-12-27T15:17:29+00:00,1794.0
2022-12-28T15:17:06+00:00,1771.0
2022-12-28T18:38:43+00:00,1794.0
2022-12-29T14:12:01+00:00,1823.0
2022-12-30T11:09:19+00:00,1886.0
2022-12-30T11:36:58+00:00,1920.0
2022-12-30T15:19:07+00:00,1943.0
2022-12-31 00:00:00,1943.0
2023-01-01T10:40:02+00:00,1920.0
2023-01-02T11:03:11+00:00,1903.0
2023-01-03T15:46:50+00:00,1903.0
2023-01-04T09:41:39+00:00,1914.0
2023-01-04T16:48:16+00:00,2000.0
2023-01-05T10:57:49+00:00,2000.0
2023-01-06T12:09:30+00:00,1989.0
2023-01-06T14:26:44+00:00,2023.0
2023-01-06T17:55:06+00:00,2029.0
2023-01-07 00:00:00,2029.0
2023-01-08 00:00:00,2029.0
2023-01-09T10:44:04+00:00,2057.0
2023-01-09T11:04:29+00:00,2069.0
2023-01-10T11:04:42+00:00,2000.0
2023-01-10T14:18:39+00:00,1966.0
2023-01-11 00:00:00,1966.0
2023-01-12 00:00:00,1966.0
2023-01-13 00:00:00,1966.0
2023-01-14 00:00:00,1966.0
2023-01-15 00:00:00,1966.0
2023-01-16T12:45:12+00:00,2057.0
2023-01-16T20:06:30+00:00,2069.0
2023-01-17T10:32:39+00:00,2057.0
2023-01-18 00:00:00,2057.0
2023-01-19 00:00:00,2057.0
2023-01-20 00:00:00,2057.0
2023-01-21T12:04:40+00:00,2034.0
2023-01-22 00:00:00,2034.0
2023-01-23 00:00:00,2034.0
2023-01-24T10:28:37+00:00,2023.0
2023-01-25T11:49:56+00:00,2017.0
2023-01-26T10:07:13+00:00,2017.0
2023-01-27T12:27:15+00:00,2011.0
2023-01-28T11:18:09+00:00,2006.0
2023-01-29T11:45:34+00:00,2000.0
2023-01-30T10:25:31+00:00,1989.0
2023-01-31T10:50:58+00:00,1943.0
2023-02-01T09:17:47+00:00,1977.0
2023-02-01T14:55:50+00:00,2011.0
2023-02-02T09:06:47+00:00,2011.0
2023-02-03T12:03:34+00:00,1995.0
2023-02-03T18:12:03+00:00,1972.0
2023-02-04T10:34:43+00:00,1954.0
2023-02-05T10:19:49+00:00,1966.0
2023-02-06T10:10:27+00:00,1966.0
2023-02-07T10:29:11+00:00,1960.0
2023-02-08 00:00:00,1960.0
2023-02-09T14:21:06+00:00,1977.0
2023-02-10T11:29:41+00:00,1972.0
2023-02-11T10:46:13+00:00,1966.0
2023-02-12 00:00:00,1966.0
2023-02-13T13:08:16+00:00,1960.0
2023-02-14T09:47:26+00:00,1960.0
2023-02-15T11:08:08+00:00,1943.0
2023-02-16T12:00:39+00:00,1937.0
2023-02-17 00:00:00,1937.0
2023-02-18T09:13:08+00:00,1932.0
2023-02-19 00:00:00,1932.0
2023-02-20T09:09:51+00:00,1932.0
2023-02-21T13:24:20+00:00,1932.0
2023-02-22T11:14:26+00:00,1932.0
2023-02-23T11:35:49+00:00,1926.0
2023-02-24T11:35:32+00:00,1926.0
2023-02-25 00:00:00,1926.0
2023-02-26 00:00:00,1926.0
2023-02-27T09:42:36+00:00,1918.0
2023-02-28 00:00:00,1918.0
2023-03-01T12:27:23+00:00,1943.0
2023-03-01T15:31:09+00:00,1977.0
2023-03-02T08:33:05+00:00,1988.0
2023-03-03T11:05:05+00:00,2034.0
2023-03-03T12:14:09+00:00,2046.0
2023-03-04T10:31:58+00:00,2093.0
2023-03-05T08:59:11+00:00,2097.0
2023-03-06T10:38:07+00:00,2114.0
2023-03-07T10:21:43+00:00,2114.0
2023-03-07T12:31:00+00:00,2097.0
2023-03-08 00:00:00,2097.0
2023-03-09T10:12:34+00:00,2103.0
2023-03-09T10:24:25+00:00,2114.0
2023-03-10T15:32:56+00:00,2131.0
2023-03-11 00:00:00,2131.0
2023-03-12 00:00:00,2131.0
2023-03-13 00:00:00,2131.0
2023-03-14T11:43:31+00:00,2188.5
2023-03-14T12:52:30+00:00,2194.0
2023-03-15 00:00:00,2194.0
2023-03-16 00:00:00,2194.0
2023-03-17T11:44:50+00:00,2240.0
2023-03-17T12:39:19+00:00,2251.0
2023-03-17T13:03:05+00:00,2257.0
2023-03-17T14:11:13+00:00,2274.0
2023-03-17T14:43:41+00:00,2280.0
2023-03-17T14:54:53+00:00,2286.0
2023-03-17T17:48:28+00:00,2309.0
2023-03-18T12:14:30+00:00,2377.0
2023-03-18T13:53:56+00:00,2411.0
2023-03-19 00:00:00,2411.0
2023-03-20T13:40:03+00:00,2331.0
2023-03-21T09:36:08+00:00,2297.0
2023-03-21T21:39:12+00:00,2251.0
2023-03-22T14:46:41+00:00,2297.0
2023-03-22T20:01:19+00:00,2320.0
2023-03-23 00:00:00,2320.0
2023-03-24T11:34:41+00:00,2343.0
2023-03-25T11:05:51+00:00,2308.5
2023-03-26T07:40:19+00:00,2308.5
2023-03-27T09:34:27+00:00,2320.0
2023-03-27T20:31:37+00:00,2354.0
2023-03-28T10:56:38+00:00,2366.0
2023-03-28T12:56:26+00:00,2411.0
2023-03-28T18:35:57+00:00,2434.0
2023-03-29T09:00:38+00:00,2400.0
2023-03-29T13:22:10+00:00,2434.0
2023-03-30T11:43:33+00:00,2457.0
2023-03-30T19:24:23+00:00,2514.0
2023-03-31T13:36:21+00:00,2583.0
2023-04-01T10:54:01+00:00,2537.0
2023-04-02T09:59:53+00:00,2480.0
2023-04-02T11:55:58+00:00,2492.0
2023-04-03 00:00:00,2492.0
2023-04-04T12:05:06+00:00,2446.0
2023-04-04T13:14:20+00:00,2457.0
2023-04-04T18:02:08+00:00,2514.0
2023-04-05T11:47:05+00:00,2514.0
2023-04-05T12:58:04+00:00,2537.0
2023-04-05T13:01:08+00:00,2549.0
2023-04-06T17:02:37+00:00,2491.0
2023-04-06T17:49:44+00:00,2480.0
2023-04-07T10:47:55+00:00,2469.0
2023-04-07T17:50:33+00:00,2480.0
2023-04-08T10:14:35+00:00,2474.0
2023-04-09 00:00:00,2474.0
2023-04-10 00:00:00,2474.0
2023-04-11T11:21:45+00:00,2492.0
2023-04-11T13:44:21+00:00,2526.0
2023-04-11T16:46:47+00:00,2537.0
2023-04-11T18:53:22+00:00,2526.0
2023-04-12T11:41:26+00:00,2514.0
2023-04-12T13:06:56+00:00,2583.0
2023-04-12T13:49:40+00:00,2571.0
2023-04-13T11:25:25+00:00,2605.0
2023-04-13T17:28:44+00:00,2605.0
2023-04-14T17:47:03+00:00,2605.0
2023-04-14T19:25:45+00:00,2605.0
2023-04-15T20:29:26+00:00,2600.0
2023-04-16T20:53:08+00:00,2668.5
2023-04-17T10:03:07+00:00,2686.0
2023-04-18T12:46:55+00:00,2708.0
2023-04-18T17:25:10+00:00,2743.0
2023-04-19T14:17:40+00:00,2766.0
2023-04-19T14:44:35+00:00,2788.0
2023-04-19T17:36:33+00:00,2788.0
2023-04-20T13:11:56+00:00,2811.5
2023-04-20T19:04:35+00:00,2731.5
2023-04-20T19:24:38+00:00,2743.0
2023-04-21 00:00:00,2743.0
2023-04-22 00:00:00,2743.0
2023-04-23T13:50:33+00:00,2788.0
2023-04-23T15:39:08+00:00,2811.5
2023-04-23T21:46:56+00:00,2823.0
2023-04-24T09:51:26+00:00,2834.0
2023-04-24T13:17:34+00:00,2857.0
2023-04-24T14:03:37+00:00,2869.0
2023-04-25 00:00:00,2869.0
2023-04-26 00:00:00,2869.0
2023-04-27 00:00:00,2869.0
2023-04-28 00:00:00,2869.0
2023-04-29 00:00:00,2869.0
2023-04-30 00:00:00,2869.0
2023-05-01 00:00:00,2869.0
2023-05-02 00:00:00,2869.0
2023-05-03 00:00:00,2869.0
2023-05-04 00:00:00,2869.0
2023-05-05 00:00:00,2869.0
2023-05-06 00:00:00,2869.0
2023-05-07 00:00:00,2869.0
2023-05-08 00:00:00,2869.0
2023-05-09T21:00:33+00:00,2937.0
2023-05-09T21:55:23+00:00,2937.0
2023-05-10T09:17:36+00:00,2937.0
2023-05-10T10:46:17+00:00,2937.0
2023-05-10T11:26:03+00:00,2925.0
2023-05-10T11:56:00+00:00,2937.0
2023-05-10T12:23:04+00:00,2925.0
2023-05-10T12:38:16+00:00,2948.0
2023-05-10T13:06:55+00:00,2943.0
2023-05-10T13:35:44+00:00,2931.0
2023-05-10T14:31:29+00:00,2931.0
2023-05-10T14:57:20+00:00,2925.0
2023-05-10T16:50:59+00:00,2925.0
2023-05-10T17:34:37+00:00,2937.0
2023-05-10T19:40:50+00:00,2931.0
2023-05-11T07:46:41+00:00,2931.0
2023-05-11T11:47:00+00:00,2914.0
2023-05-11T13:54:18+00:00,2880.0
2023-05-11T14:28:05+00:00,2858.0
2023-05-11T15:11:39+00:00,2880.0
2023-05-11T17:58:28+00:00,2880.0
2023-05-11T21:25:24+00:00,2880.0
2023-05-12T10:06:15+00:00,2880.0
2023-05-12T10:57:34+00:00,2858.0
2023-05-12T14:54:58+00:00,2834.0
2023-05-12T16:53:36+00:00,2800.0
2023-05-12T18:11:51+00:00,2800.0
2023-05-12T19:03:12+00:00,2800.0
2023-05-13T08:56:48+00:00,2800.0
2023-05-13T10:23:05+00:00,2742.0
2023-05-13T13:14:42+00:00,2686.0
2023-05-13T15:00:21+00:00,2686.0
2023-05-13T15:35:57+00:00,2743.0
2023-05-13T16:18:02+00:00,2800.0
2023-05-13T17:57:01+00:00,2800.0
2023-05-14T11:39:17+00:00,2765.0
2023-05-14T13:28:47+00:00,2765.0
2023-05-14T13:55:53+00:00,2743.0
2023-05-14T18:17:42+00:00,2715.0
2023-05-15T09:33:19+00:00,2668.0
2023-05-15T11:15:40+00:00,2645.0
2023-05-15T13:35:40+00:00,2640.0
2023-05-15T14:01:07+00:00,2651.0
2023-05-15T14:37:17+00:00,2662.0
2023-05-15T15:22:41+00:00,2645.0
2023-05-15T16:11:48+00:00,2640.0
2023-05-15T17:36:20+00:00,2645.0
2023-05-16T09:21:42+00:00,2628.0
2023-05-16T09:33:13+00:00,2622.0
2023-05-16T11:13:23+00:00,2617.0
2023-05-16T12:24:00+00:00,2600.0
2023-05-16T15:36:21+00:00,2582.0
2023-05-16T17:05:45+00:00,2560.0
2023-05-16T18:22:34+00:00,2560.0
2023-05-16T18:52:04+00:00,2571.0
2023-05-16T19:47:32+00:00,2594.0
2023-05-17T09:47:16+00:00,2560.0
2023-05-17T11:34:59+00:00,2548.0
2023-05-17T15:43:28+00:00,2537.0
2023-05-18T10:16:08+00:00,2537.0
2023-05-18T10:38:46+00:00,2548.0
2023-05-18T11:26:35+00:00,2560.0
2023-05-18T12:46:55+00:00,2537.0
2023-05-18T16:31:50+00:00,2548.0
2023-05-18T17:57:01+00:00,2537.0
2023-05-19T09:46:46+00:00,2560.0
2023-05-19T12:20:52+00:00,2565.0
2023-05-19T12:48:29+00:00,2571.0
2023-05-19T13:19:37+00:00,2582.0
2023-05-19T14:38:27+00:00,2651.0
2023-05-19T15:14:11+00:00,2628.0
2023-05-19T15:45:04+00:00,2651.0
2023-05-19T18:48:01+00:00,2640.0
2023-05-20T09:30:18+00:00,2657.0
2023-05-20T09:55:44+00:00,2697.0
2023-05-20T14:24:13+00:00,2714.0
2023-05-20T16:55:41+00:00,2771.0
2023-05-21T10:54:15+00:00,2742.0
2023-05-21T12:53:59+00:00,2834.0
2023-05-21T14:04:20+00:00,2880.0
2023-05-21T15:26:49+00:00,2902.0
2023-05-21T19:36:21+00:00,2902.0
2023-05-21T19:37:45+00:00,2822.0
2023-05-21T20:16:48+00:00,2845.0
2023-05-22T08:32:00+00:00,2845.0
2023-05-22T09:11:56+00:00,2857.0
2023-05-22T10:10:01+00:00,2880.0
2023-05-22T13:51:00+00:00,2828.0
2023-05-22T16:18:05+00:00,2800.0
2023-05-22T20:38:06+00:00,2811.0
2023-05-23T08:46:41+00:00,2789.0
2023-05-23T12:14:21+00:00,2771.0
2023-05-23T12:49:17+00:00,2760.0
2023-05-23T13:23:52+00:00,2771.0
2023-05-23T19:10:40+00:00,2771.0
2023-05-24T09:43:17+00:00,2771.0
2023-05-24T11:24:24+00:00,2754.0
2023-05-24T13:33:39+00:00,2742.0
2023-05-24T14:09:59+00:00,2731.0
2023-05-24T15:09:41+00:00,2731.0
2023-05-24T17:30:58+00:00,2731.0
2023-05-24T18:13:09+00:00,2720.0
2023-05-24T19:50:31+00:00,2720.0
2023-05-25T08:45:38+00:00,2697.0
2023-05-25T10:13:16+00:00,2697.0
2023-05-25T11:42:49+00:00,2675.0
2023-05-26T10:34:18+00:00,2697.0
2023-05-26T11:09:13+00:00,2708.0
2023-05-26T14:21:43+00:00,2685.0
2023-05-26T16:48:34+00:00,2697.0
2023-05-26T18:38:27+00:00,2714.0
2023-05-27T15:16:28+00:00,2709.0
2023-05-28T08:29:33+00:00,2697.0
2023-05-28T11:40:34+00:00,2697.0
2023-05-28T17:37:32+00:00,2697.0
2023-05-29T09:29:31+00:00,2674.0
2023-05-29T13:14:35+00:00,2685.0
2023-05-29T15:16:29+00:00,2663.0
2023-05-30T09:48:33+00:00,2674.0
2023-05-30T10:02:25+00:00,2685.0
2023-05-30T10:06:06+00:00,2697.0
2023-05-30T13:41:23+00:00,2674.0
2023-05-30T16:33:41+00:00,2685.0
2023-05-30T18:39:48+00:00,2685.0
2023-05-31T08:08:56+00:00,2674.0
2023-05-31T13:59:02+00:00,2674.0
2023-06-01T09:17:23+00:00,2663.0
2023-06-01T12:27:34+00:00,2674.0
2023-06-01T15:09:42+00:00,2685.0
2023-06-01T15:59:14+00:00,2697.0
2023-06-01T16:23:04+00:00,2709.0
2023-06-01T17:27:51+00:00,2702.0
2023-06-02T10:45:36+00:00,2720.0
2023-06-02T14:34:26+00:00,2709.0
2023-06-02T18:01:08+00:00,2697.0
2023-06-03T07:49:23+00:00,2692.0
2023-06-03T15:50:54+00:00,2697.0
2023-06-03T20:38:11+00:00,2685.0
2023-06-04T08:04:02+00:00,2685.0
2023-06-05T08:03:06+00:00,2674.0
2023-06-05T11:28:22+00:00,2685.0
2023-06-06T09:21:46+00:00,2685.0
2023-06-06T11:44:30+00:00,2692.0
2023-06-06T15:22:49+00:00,2685.0
2023-06-07T08:47:09+00:00,2685.0
2023-06-07T13:27:38+00:00,2674.0
2023-06-07T14:09:24+00:00,2692.0
2023-06-07T19:01:06+00:00,2674.0
2023-06-08T08:32:48+00:00,2674.0
2023-06-09 00:00:00,2674.0
2023-06-10T09:23:17+00:00,2669.0
2023-06-11T09:17:37+00:00,2663.0
2023-06-12T08:32:59+00:00,2640.0
2023-06-12T10:10:20+00:00,2652.0
2023-06-12T13:24:31+00:00,2640.0
2023-06-12T16:22:33+00:00,2628.0
2023-06-13T07:53:29+00:00,2628.0
2023-06-13T09:58:18+00:00,2640.0
2023-06-13T15:44:44+00:00,2640.0
2023-06-13T17:04:43+00:00,2628.0
2023-06-13T17:20:33+00:00,2617.0
2023-06-14T11:04:06+00:00,2612.0
2023-06-14T12:04:32+00:00,2606.0
2023-06-14T14:30:14+00:00,2594.0
2023-06-14T14:37:27+00:00,2606.0
2023-06-15T12:45:39+00:00,2594.0
2023-06-15T13:39:32+00:00,2606.0
2023-06-15T13:56:21+00:00,2617.0
2023-06-15T14:00:47+00:00,2628.0
2023-06-15T17:07:52+00:00,2612.0
2023-06-16T12:30:00+00:00,2622.0
2023-06-16T14:03:34+00:00,2612.0
2023-06-16T16:15:41+00:00,2612.0
2023-06-17T09:25:24+00:00,2606.0
2023-06-17T13:41:16+00:00,2588.0
2023-06-17T16:58:13+00:00,2577.0
2023-06-18 00:00:00,2577.0
2023-06-19T09:35:01+00:00,2542.0
2023-06-19T11:07:50+00:00,2514.0
2023-06-20T13:54:08+00:00,2457.0
2023-06-20T16:45:53+00:00,2514.0
2023-06-21T11:38:02+00:00,2457.0
2023-06-21T15:02:43+00:00,2480.0
2023-06-21T19:27:11+00:00,2502.0
2023-06-22T12:51:11+00:00,2514.0
2023-06-22T14:14:17+00:00,2537.0
2023-06-22T17:16:11+00:00,2526.0
2023-06-23 00:00:00,2526.0
2023-06-24T11:00:49+00:00,2571.0
2023-06-25T13:20:01+00:00,2577.0
2023-06-26T17:57:43+00:00,2582.0
2023-06-27T11:48:31+00:00,2606.0
2023-06-27T11:52:25+00:00,2612.0
2023-06-27T13:40:31+00:00,2628.0
2023-06-27T14:43:04+00:00,2628.0
2023-06-28T11:00:28+00:00,2628.0
2023-06-29T11:03:38+00:00,2628.0
2023-06-30T15:57:07+00:00,2628.0
2023-07-01T16:11:54+00:00,2600.0
2023-07-01T19:14:03+00:00,2577.0
2023-07-02T10:16:51+00:00,2582.0
2023-07-02T17:14:40+00:00,2548.0
2023-07-03T09:04:52+00:00,2537.0
2023-07-03T10:08:17+00:00,2548.0
2023-07-03T14:24:45+00:00,2543.0
2023-07-04T09:49:24+00:00,2548.0
2023-07-04T14:44:55+00:00,2537.0
2023-07-05T10:23:06+00:00,2.0
2023-07-05T10:59:17+00:00,2.0
2023-07-05T10:59:52+00:00,2514.0
2023-07-05T13:16:15+00:00,2508.0
2023-07-05T18:44:27+00:00,2514.0
2023-07-06T08:49:28+00:00,2503.0
2023-07-06T13:43:21+00:00,2491.0
2023-07-07T11:39:20+00:00,2503.0
2023-07-07T11:51:02+00:00,2514.0
2023-07-08T13:43:25+00:00,2491.0
2023-07-08T13:45:13+00:00,2485.0
2023-07-08T13:45:57+00:00,2491.0
2023-07-08T15:28:36+00:00,2503.0
2023-07-08T17:32:59+00:00,2497.0
2023-07-09 00:00:00,2497.0
2023-07-10T10:12:21+00:00,2480.0
2023-07-10T12:20:23+00:00,2474.0
2023-07-10T14:04:38+00:00,2480.0
2023-07-10T19:57:19+00:00,2485.0
2023-07-11T14:35:12+00:00,2497.0
2023-07-11T15:03:31+00:00,2485.0
2023-07-12T10:02:15+00:00,2491.0
2023-07-12T12:33:47+00:00,2514.0
2023-07-13T10:21:55+00:00,2514.0
2023-07-14T12:18:43+00:00,2508.0
2023-07-15 00:00:00,2508.0
2023-07-16 00:00:00,2508.0
2023-07-17T10:56:20+00:00,2486.0
2023-07-18 00:00:00,2486.0
2023-07-19T12:22:12+00:00,2474.0
2023-07-20T11:41:50+00:00,2480.0
2023-07-21T13:41:05+00:00,2480.0
2023-07-22T09:40:47+00:00,2480.0
2023-07-23T10:25:32+00:00,2480.0
2023-07-23T11:10:21+00:00,2474.0
2023-07-24T09:13:20+00:00,2480.0
2023-07-24T13:43:59+00:00,2474.0
2023-07-24T16:06:46+00:00,2469.0
2023-07-25 00:00:00,2469.0
2023-07-26 00:00:00,2469.0
2023-07-27 00:00:00,2469.0
2023-07-28T15:44:41+00:00,2469.0
2023-07-29 00:00:00,2469.0
2023-07-30 00:00:00,2469.0
2023-07-31T09:23:07+00:00,2457.0
2023-07-31T14:29:51+00:00,2469.0
2023-08-01 00:00:00,2469.0
2023-08-02 00:00:00,2469.0
2023-08-03 00:00:00,2469.0
2023-08-04T16:18:12+00:00,2469.0
2023-08-05T13:36:48+00:00,2469.0
2023-08-06T08:20:45+00:00,2469.0
2023-08-07T09:11:11+00:00,2463.0
2023-08-07T10:36:10+00:00,2457.0
2023-08-08T09:34:52+00:00,2463.0
2023-08-08T15:11:35+00:00,2469.0
2023-08-09T10:32:31+00:00,2469.0
2023-08-10T09:11:28+00:00,2469.0
2023-08-10T12:11:44+00:00,2480.0
2023-08-10T13:21:18+00:00,2491.0
2023-08-11T09:59:59+00:00,2491.0
2023-08-11T10:39:10+00:00,2503.0
2023-08-11T11:27:24+00:00,2514.0
2023-08-11T12:02:43+00:00,2526.0
2023-08-11T12:40:29+00:00,2537.0
2023-08-11T13:42:35+00:00,2548.5
2023-08-11T14:02:04+00:00,2560.0
2023-08-11T14:41:52+00:00,2571.0
2023-08-11T17:52:37+00:00,2640.0
2023-08-11T18:01:04+00:00,2651.0
2023-08-12T11:07:33+00:00,2743.0
2023-08-12T12:48:03+00:00,2789.0
2023-08-12T14:32:05+00:00,2685.0
2023-08-12T15:22:41+00:00,2663.0
2023-08-12T17:27:54+00:00,2720.0
2023-08-12T17:29:57+00:00,2685.0
2023-08-12T17:43:26+00:00,2709.0
2023-08-13T10:39:36+00:00,2731.0
2023-08-13T12:06:20+00:00,2697.0
2023-08-13T13:15:29+00:00,2685.0
2023-08-13T17:47:53+00:00,2651.0
2023-08-14T11:22:15+00:00,2628.0
2023-08-15T11:18:25+00:00,2537.0
2023-08-15T16:04:51+00:00,2571.0
2023-08-16T12:27:52+00:00,2560.0
2023-08-16T17:00:57+00:00,2582.0
2023-08-17T07:40:52+00:00,2582.0
2023-08-17T11:12:03+00:00,2594.0
2023-08-17T12:03:46+00:00,2628.0
2023-08-17T12:11:03+00:00,2640.0
2023-08-18T13:26:52+00:00,2606.0
2023-08-19 00:00:00,2606.0
2023-08-20 00:00:00,2606.0
2023-08-21T11:30:59+00:00,2560.0
2023-08-21T18:05:05+00:00,2582.0
2023-08-22T09:22:52+00:00,2582.0
2023-08-22T09:29:32+00:00,2594.0
2023-08-22T09:49:15+00:00,2606.0
2023-08-22T10:01:49+00:00,2617.0
2023-08-22T13:12:35+00:00,2600.0
2023-08-23T14:24:03+00:00,2617.0
2023-08-23T16:32:09+00:00,2628.0
2023-08-24T12:22:12+00:00,2617.0
2023-08-25T14:29:20+00:00,2600.0
2023-08-26T10:17:53+00:00,2600.0
2023-08-26T12:59:08+00:00,2583.0
2023-08-26T13:34:15+00:00,2589.0
2023-08-27T09:44:06+00:00,2589.0
2023-08-28T14:23:58+00:00,2554.0
2023-08-29T13:56:36+00:00,2531.0
2023-08-29T14:09:47+00:00,2549.0
2023-08-29T17:59:02+00:00,2526.0
2023-08-30 00:00:00,2526.0
2023-08-31 00:00:00,2526.0
2023-09-01T12:01:06+00:00,2537.0
2023-09-02T17:57:36+00:00,2526.0
2023-09-03 00:00:00,2526.0
2023-09-04T09:50:23+00:00,2531.0
2023-09-04T13:32:56+00:00,2526.0
2023-09-05T12:46:48+00:00,2514.0
2023-09-06T11:31:45+00:00,2514.0
2023-09-06T17:11:44+00:00,2526.0
2023-09-07T11:04:24+00:00,2531.0
2023-09-07T15:42:20+00:00,2537.0
2023-09-08T19:07:51+00:00,2514.0
2023-09-09T10:02:24+00:00,2514.0
2023-09-10T09:49:56+00:00,2514.0
2023-09-11 00:00:00,2514.0
2023-09-12T10:03:30+00:00,2514.0
2023-09-13 00:00:00,2514.0
2023-09-14 00:00:00,2514.0
2023-09-15T13:35:26+00:00,2509.0
2023-09-16 00:00:00,2509.0
2023-09-17 00:00:00,2509.0
2023-09-18T09:32:32+00:00,2492.0
2023-09-18T16:50:47+00:00,2520.0
2023-09-18T17:07:35+00:00,2531.0
2023-09-18T19:02:00+00:00,2526.0
2023-09-19T10:13:10+00:00,2543.0
2023-09-20T11:49:41+00:00,2537.0
2023-09-20T15:09:33+00:00,2566.0
2023-09-20T15:11:43+00:00,2571.0
2023-09-21T13:02:36+00:00,2537.0
2023-09-21T14:50:41+00:00,2531.0
2023-09-22 00:00:00,2531.0
2023-09-23 00:00:00,2531.0
2023-09-24T15:57:48+00:00,2526.0
2023-09-25 00:00:00,2526.0
2023-09-26 00:00:00,2526.0
2023-09-27T09:38:01+00:00,2526.0
2023-09-28 00:00:00,2526.0
2023-09-29T11:26:54+00:00,2509.0
2023-09-30T07:55:55+00:00,2480.0
2023-10-01 00:00:00,2480.0
2023-10-02 00:00:00,2480.0
2023-10-03T08:35:37+00:00,2452.0
2023-10-03T14:48:21+00:00,2469.0
2023-10-04 00:00:00,2469.0
2023-10-05 00:00:00,2469.0
2023-10-06 00:00:00,2469.0
2023-10-07 00:00:00,2469.0
2023-10-08T09:52:12+00:00,2491.0
2023-10-09T08:28:30+00:00,2526.0
2023-10-09T10:14:23+00:00,2548.0
2023-10-09T10:28:25+00:00,2571.0
2023-10-09T12:24:08+00:00,2548.0
2023-10-09T12:40:40+00:00,2537.0
2023-10-09T15:50:45+00:00,2548.0
2023-10-09T16:44:31+00:00,2560.0
2023-10-09T18:22:17+00:00,2560.0
2023-10-09T20:19:55+00:00,2571.0
2023-10-10T10:05:31+00:00,2594.0
2023-10-10T10:45:09+00:00,2622.0
2023-10-10T12:16:46+00:00,2605.5
2023-10-10T15:46:23+00:00,2600.0
2023-10-10T15:56:41+00:00,2605.5
2023-10-10T20:00:44+00:00,2617.0
2023-10-11T08:25:43+00:00,2623.0
2023-10-11T09:50:12+00:00,2628.0
2023-10-11T12:30:25+00:00,2640.0
2023-10-11T13:44:15+00:00,2652.0
2023-10-11T16:10:13+00:00,2657.0
2023-10-11T16:42:27+00:00,2663.0
2023-10-11T17:13:09+00:00,2674.0
2023-10-11T19:18:41+00:00,2663.0
2023-10-11T20:34:31+00:00,2680.0
2023-10-12T08:23:53+00:00,2743.0
2023-10-12T08:37:04+00:00,2754.0
2023-10-12T09:59:43+00:00,2720.0
2023-10-12T12:06:17+00:00,2731.0
2023-10-12T12:28:16+00:00,2737.0
2023-10-12T13:48:56+00:00,2708.0
2023-10-12T14:11:30+00:00,2697.0
2023-10-12T14:41:39+00:00,2708.0
2023-10-12T15:54:22+00:00,2663.0
2023-10-12T19:18:29+00:00,2652.0
2023-10-13T11:54:40+00:00,2669.0
2023-10-13T11:58:32+00:00,2674.0
2023-10-13T12:39:08+00:00,2709.0
2023-10-13T13:18:49+00:00,2697.0
2023-10-14T09:56:26+00:00,2669.0
2023-10-14T14:45:57+00:00,2680.0
2023-10-14T15:56:12+00:00,2686.0
2023-10-15T09:42:07+00:00,2697.0
2023-10-16T09:57:06+00:00,2663.0
2023-10-17T11:23:12+00:00,2686.0
2023-10-17T12:50:56+00:00,2697.0
2023-10-18T10:09:19+00:00,2697.0
2023-10-18T10:40:24+00:00,2709.0
2023-10-18T12:45:07+00:00,2720.0
2023-10-18T15:37:14+00:00,2709.0
2023-10-19T12:27:07+00:00,2743.0
2023-10-19T12:41:45+00:00,2754.0
2023-10-19T15:17:31+00:00,2743.0
2023-10-19T17:34:37+00:00,2754.0
2023-10-19T19:15:03+00:00,2766.0
2023-10-19T19:17:45+00:00,2771.0
2023-10-20T10:11:50+00:00,2777.0
2023-10-20T11:21:59+00:00,2823.0
2023-10-20T12:16:18+00:00,2812.0
2023-10-20T14:49:56+00:00,2829.0
2023-10-20T17:25:46+00:00,2800.0
2023-10-21T10:38:18+00:00,2766.0
2023-10-21T11:27:45+00:00,2777.0
2023-10-22T16:56:13+00:00,2817.0
2023-10-22T19:06:45+00:00,2857.0
2023-10-23T11:11:32+00:00,2823.0
2023-10-23T11:20:36+00:00,2840.0
2023-10-24T09:34:09+00:00,2846.0
2023-10-24T13:12:38+00:00,2875.0
2023-10-24T15:44:03+00:00,2886.0
2023-10-24T15:55:18+00:00,2897.0
2023-10-24T16:41:20+00:00,2914.0
2023-10-24T16:44:19+00:00,2926.0
2023-10-24T19:57:36+00:00,2937.0
2023-10-25T09:28:15+00:00,2937.0
2023-10-25T10:03:47+00:00,2943.0
2023-10-26T09:42:11+00:00,2948.0
2023-10-26T16:56:17+00:00,2891.0
2023-10-27T09:57:32+00:00,2903.0
2023-10-27T11:57:09+00:00,2868.0
2023-10-27T12:34:56+00:00,2868.0
2023-10-27T12:46:01+00:00,2880.0
2023-10-27T12:57:12+00:00,2868.0
2023-10-27T14:24:04+00:00,2880.0
2023-10-27T18:00:26+00:00,2926.0
2023-10-27T19:54:22+00:00,2960.0
2023-10-28T09:17:10+00:00,2948.0
2023-10-29T11:00:34+00:00,2937.0
2023-10-29T21:39:06+00:00,2954.0
2023-10-30 00:00:00,2954.0
2023-10-31T09:30:37+00:00,2948.0
2023-10-31T18:58:16+00:00,2937.0
2023-11-01 00:00:00,2937.0
2023-11-02T13:27:58+00:00,2902.0
2023-11-02T15:00:59+00:00,2891.0
2023-11-02T19:56:41+00:00,2926.0
2023-11-03T11:10:29+00:00,2914.0
2023-11-03T12:38:33+00:00,2937.0
2023-11-04T12:26:03+00:00,2937.0
2023-11-04T12:26:09+00:00,2937.0
2023-11-05T12:03:32+00:00,2948.0
2023-11-06 00:00:00,2948.0
2023-11-07T10:48:36+00:00,3005.0
2023-11-07T12:30:26+00:00,2982.0
2023-11-07T14:10:07+00:00,3000.0
2023-11-08T11:30:54+00:00,2994.0
2023-11-09 00:00:00,2994.0
2023-11-10 00:00:00,2994.0
2023-11-11T10:06:32+00:00,2954.0
2023-11-12T09:58:12+00:00,2972.0
2023-11-13T10:25:34+00:00,2994.0
2023-11-14T11:41:03+00:00,3017.0
2023-11-15T09:39:37+00:00,3085.0
2023-11-15T10:52:41+00:00,3114.0
2023-11-15T12:15:30+00:00,3120.0
2023-11-15T18:22:16+00:00,3085.0
2023-11-15T18:38:29+00:00,3051.0
2023-11-15T19:22:21+00:00,3085.0
2023-11-16T10:24:55+00:00,3085.0
2023-11-17T10:42:20+00:00,3097.0
2023-11-17T15:55:14+00:00,3103.0
2023-11-18T11:10:36+00:00,3114.0
2023-11-18T13:42:17+00:00,3114.0
2023-11-19T10:51:01+00:00,3114.0
2023-11-20T09:59:00+00:00,3120.0
2023-11-20T10:55:51+00:00,3126.0
2023-11-20T13:00:20+00:00,3131.0
2023-11-20T13:19:14+00:00,3154.0
2023-11-21T09:22:01+00:00,3188.0
2023-11-22T10:02:22+00:00,3205.0
2023-11-22T12:49:53+00:00,3177.0
2023-11-22T14:08:01+00:00,3166.0
2023-11-22T14:18:50+00:00,3171.0
2023-11-22T15:05:31+00:00,3182.0
2023-11-22T15:17:46+00:00,3171.0
2023-11-22T16:26:00+00:00,3154.0
2023-11-22T17:46:28+00:00,3125.0
2023-11-22T17:59:14+00:00,3097.0
2023-11-22T18:03:54+00:00,3108.0
2023-11-22T18:49:35+00:00,3142.0
2023-11-23T12:06:59+00:00,3131.0
2023-11-23T12:20:55+00:00,3142.0
2023-11-23T13:44:49+00:00,3131.0
2023-11-23T18:58:23+00:00,3142.0
2023-11-24T11:40:02+00:00,3131.0
2023-11-24T13:15:49+00:00,3142.0
2023-11-24T13:57:21+00:00,3154.0
2023-11-24T15:26:20+00:00,3160.0
2023-11-25T10:29:52+00:00,3177.0
2023-11-25T12:46:21+00:00,3189.0
2023-11-26T11:21:47+00:00,3189.0
2023-11-27T13:38:48+00:00,3211.0
2023-11-28T09:58:42+00:00,3211.0
2023-11-29T10:52:48+00:00,3200.0
2023-11-29T11:57:49+00:00,3211.0
2023-11-29T13:06:40+00:00,3228.0
2023-11-29T15:16:34+00:00,3223.0
2023-11-30T09:24:06+00:00,3177.0
2023-12-01T10:37:35+00:00,3182.0
2023-12-01T10:40:19+00:00,3177.0
2023-12-01T18:14:56+00:00,3223.0
2023-12-02T11:02:24+00:00,3200.0
2023-12-03T11:32:19+00:00,3200.0
2023-12-04T10:12:51+00:00,3217.0
2023-12-04T17:22:27+00:00,3194.0
2023-12-05T11:01:22+00:00,3182.0
2023-12-05T11:03:06+00:00,3194.0
2023-12-06T17:05:59+00:00,3171.0
2023-12-07T09:50:14+00:00,3177.0
2023-12-08T11:18:43+00:00,3189.0
2023-12-08T20:47:55+00:00,3177.0
2023-12-09T11:46:35+00:00,3189.0
2023-12-09T16:24:23+00:00,3177.0
2023-12-09T19:57:14+00:00,3182.0
2023-12-10T11:03:59+00:00,3189.0
2023-12-11T10:30:27+00:00,3182.0
2023-12-12T10:28:29+00:00,3189.0
2023-12-12T17:41:53+00:00,3200.0
2023-12-13T10:54:43+00:00,3228.0
2023-12-14T09:32:53+00:00,3251.0
2023-12-14T12:27:36+00:00,3262.0
2023-12-14T12:35:44+00:00,3268.0
2023-12-14T15:05:26+00:00,3280.0
2023-12-15T16:32:46+00:00,3303.0
2023-12-16T09:25:01+00:00,3292.0
2023-12-17T10:27:11+00:00,3292.0
2023-12-18T11:22:06+00:00,3292.0
2023-12-19T10:33:25+00:00,3314.0
2023-12-19T10:51:37+00:00,3325.0
2023-12-19T11:52:25+00:00,3337.0
2023-12-19T13:31:54+00:00,3360.0
2023-12-19T15:49:31+00:00,3377.0
2023-12-20T10:23:52+00:00,3388.0
2023-12-20T11:19:20+00:00,3417.0
2023-12-20T11:38:56+00:00,3429.0
2023-12-20T13:35:08+00:00,3406.0
2023-12-21 00:00:00,3406.0
2023-12-22T11:22:21+00:00,3474.0
2023-12-22T11:30:49+00:00,3497.0
2023-12-22T12:04:00+00:00,3486.0
2023-12-23T12:17:11+00:00,3486.0
2023-12-24T11:05:20+00:00,3486.0
2023-12-24T12:36:03+00:00,3497.0
2023-12-24T12:54:59+00:00,3502.0
2023-12-24T13:19:18+00:00,3508.0
2023-12-24T17:08:59+00:00,3520.0
2023-12-24T17:22:18+00:00,3525.0
2023-12-25T10:38:31+00:00,3577.0
2023-12-25T11:05:19+00:00,3600.0
2023-12-25T16:09:29+00:00,3628.0
2023-12-25T16:29:45+00:00,3634.0
2023-12-25T17:16:17+00:00,3662.0
2023-12-26T09:53:53+00:00,3691.0
2023-12-26T10:30:31+00:00,3725.0
2023-12-26T10:35:49+00:00,3737.0
2023-12-26T14:01:19+00:00,3806.0
2023-12-27T17:48:11+00:00,3657.0
2023-12-27T18:48:57+00:00,3611.0
2023-12-27T20:53:52+00:00,3668.0
2023-12-27T21:07:08+00:00,3691.0
2023-12-28T11:23:53+00:00,3600.0
2023-12-28T11:24:02+00:00,3611.0
2023-12-28T13:49:37+00:00,3543.0
2023-12-28T14:20:26+00:00,3531.0
2023-12-29T12:44:58+00:00,3577.0
2023-12-30T13:01:45+00:00,3680.0
2023-12-30T19:22:52+00:00,3634.0
2023-12-31 00:00:00,3634.0
